classification,match_kind,oem_name,recovered_names,oem_instructions,recovered_instructions,instruction_ratio,instruction_delta,oem_bytes,recovered_bytes,oem_branches,recovered_branches,oem_calls,recovered_calls,oem_returns,recovered_returns,oem_relocations,recovered_relocations,missing_replacement_targets
stub,exact_name,Tiziano_Awb_Ct_Detect,Tiziano_Awb_Ct_Detect,1439,2,0.001390,-1437,5756,8,133,0,43,0,1,1,76,0,
stub,exact_name,tisp_log2_int_to_fixed_64,tisp_log2_int_to_fixed_64,130,4,0.030769,-126,520,16,15,1,3,0,1,0,8,2,
stub,exact_name,tisp_math_exp2,tisp_math_exp2,57,4,0.070175,-53,228,16,2,1,1,0,1,0,5,2,
stub,exact_name,tisp_sdns_intp_reg_refresh,tisp_sdns_intp_reg_refresh,27,4,0.148148,-23,108,16,0,1,5,0,1,0,10,2,
collapsed,exact_name,Tiziano_adr_fpga,Tiziano_adr_fpga,2379,39,0.016393,-2340,9516,156,164,2,136,1,1,0,24,4,
collapsed,exact_name,ae_tune2,ae_tune2,1147,27,0.023540,-1120,4588,108,113,1,68,1,1,0,145,6,
collapsed,exact_name,apical_isp_core_ops_s_ctrl,apical_isp_core_ops_s_ctrl,691,249,0.360347,-442,2764,996,153,59,26,10,1,2,116,44,
collapsed,exact_name,Tiziano_defog_fpga,Tiziano_defog_fpga,627,179,0.285486,-448,2508,716,77,12,24,4,1,1,34,4,
collapsed,exact_name,tisp_mdns_param_array_get,tisp_mdns_param_array_get,558,48,0.086022,-510,2232,192,132,4,2,2,1,1,270,14,
collapsed,exact_name,tiziano_defog_algorithm,tiziano_defog_algorithm,465,171,0.367742,-294,1860,684,26,16,2,2,1,1,117,49,
collapsed,exact_name,isp_vic_cmd_set,isp_vic_cmd_set,436,168,0.385321,-268,1744,672,53,18,41,16,1,1,120,47,
collapsed,exact_name,tisp_ae_process_impl,tisp_ae_process_impl,432,123,0.284722,-309,1728,492,23,3,15,1,1,0,170,67,
collapsed,exact_name,tiziano_adr_algorithm,tiziano_adr_algorithm,397,75,0.188917,-322,1588,300,25,1,1,1,1,0,97,35,
collapsed,exact_name,Tiziano_ae_fpga,Tiziano_ae_fpga,230,94,0.408696,-136,920,376,20,6,6,6,1,0,8,15,
collapsed,exact_name,tisp_dmsc_param_array_get,tisp_dmsc_param_array_get,180,48,0.266667,-132,720,192,47,4,2,2,1,1,100,14,
collapsed,exact_name,tisp_dmsc_param_array_set,tisp_dmsc_param_array_set,179,47,0.262570,-132,716,188,48,4,3,2,1,1,104,18,
collapsed,exact_name,tisp_dpc_param_array_get,tisp_dpc_param_array_get,143,48,0.335664,-95,572,192,35,4,2,2,1,1,76,14,
collapsed,exact_name,jz_isp_ccm,jz_isp_ccm,142,59,0.415493,-83,568,236,16,4,5,4,1,0,38,22,
collapsed,exact_name,tisp_sdns_param_array_get,tisp_sdns_param_array_get,132,48,0.363636,-84,528,192,32,4,2,2,1,1,70,14,
collapsed,exact_name,tisp_adr_param_array_get,tisp_adr_param_array_get,127,47,0.370079,-80,508,188,28,4,2,2,1,1,62,14,
collapsed,exact_name,tisp_awb_param_array_get,tisp_awb_param_array_get,123,47,0.382114,-76,492,188,27,4,2,2,1,1,60,14,
collapsed,exact_name,tisp_defog_param_array_get,tisp_defog_param_array_get,116,48,0.413793,-68,464,192,25,4,2,2,1,1,56,14,
collapsed,exact_name,tisp_ae_param_array_get,tisp_ae_param_array_get,112,48,0.428571,-64,448,192,23,4,2,2,1,1,52,14,
collapsed,exact_name,tisp_gib_param_array_get,tisp_gib_param_array_get,110,48,0.436364,-62,440,192,24,4,2,2,1,1,54,14,
collapsed,exact_name,tisp_gib_param_array_set,tisp_gib_param_array_set,110,50,0.454545,-60,440,200,25,4,3,3,1,1,58,18,
collapsed,exact_name,tisp_af_param_array_get,tisp_af_param_array_get,105,20,0.190476,-85,420,80,21,1,2,1,1,2,48,6,
collapsed,exact_name,tisp_ccm_param_array_set,tisp_ccm_param_array_set,62,24,0.387097,-38,248,96,9,1,3,2,1,1,28,8,
collapsed,exact_name,tisp_ev_update,tisp_ev_update,35,16,0.457143,-19,140,64,1,1,4,1,2,2,8,4,
collapsed,exact_name,tisp_g_Gamma,tisp_g_Gamma,26,12,0.461538,-14,104,48,1,0,2,1,1,1,8,4,
oem_only,oem_only,apical_isp_ae_s_roi.isra.45,,86,0,0.000000,-86,344,0,10,0,7,0,1,0,24,0,
oem_only,oem_only,apical_isp_ae_zone_weight_s_attr.isra.50,,86,0,0.000000,-86,344,0,10,0,7,0,1,0,24,0,
oem_only,oem_only,apical_isp_af_weight_s_attr.isra.54,,86,0,0.000000,-86,344,0,10,0,7,0,1,0,24,0,
oem_only,oem_only,apical_isp_wb_g_ctrl.isra.65,,80,0,0.000000,-80,320,0,15,0,4,0,1,0,18,0,
oem_only,oem_only,apical_isp_ae_g_roi.isra.64,,77,0,0.000000,-77,308,0,8,0,6,0,1,0,19,0,
oem_only,oem_only,apical_isp_ae_zone_weight_g_attr.isra.70,,77,0,0.000000,-77,308,0,8,0,6,0,1,0,19,0,
oem_only,oem_only,apical_isp_af_weight_g_attr.isra.74,,77,0,0.000000,-77,308,0,8,0,6,0,1,0,19,0,
oem_only,oem_only,tx_isp_video_link_destroy.isra.1,,72,0,0.000000,-72,288,0,9,0,4,0,2,0,6,0,
oem_only,oem_only,apical_isp_gamma_g_attr.isra.63,,49,0,0.000000,-49,196,0,3,0,3,0,1,0,10,0,
oem_only,oem_only,apical_isp_ev_g_attr.isra.62,,46,0,0.000000,-46,184,0,2,0,3,0,1,0,10,0,
oem_only,oem_only,apical_isp_gamma_s_attr.isra.44,,46,0,0.000000,-46,184,0,4,0,3,0,1,0,10,0,
oem_only,oem_only,apical_isp_af_hist_g_attr.isra.73,,43,0,0.000000,-43,172,0,0,0,2,0,1,0,4,0,
oem_only,oem_only,apical_isp_max_again_g_ctrl.isra.60,,30,0,0.000000,-30,120,0,2,0,2,0,1,0,8,0,
oem_only,oem_only,apical_isp_max_dgain_g_ctrl.isra.61,,30,0,0.000000,-30,120,0,2,0,2,0,1,0,8,0,
oem_only,oem_only,apical_isp_ae_zone_g_ctrl.isra.69,,19,0,0.000000,-19,76,0,0,0,2,0,1,0,4,0,
oem_only,oem_only,tx_isp_driver_init,,18,0,0.000000,-18,72,0,1,0,2,0,1,0,4,0,
oem_only,oem_only,tisp_hldc_par_refresh.part.0,,15,0,0.000000,-15,60,0,1,0,1,0,0,0,4,0,
oem_only,oem_only,tx_isp_driver_exit,,11,0,0.000000,-11,44,0,1,0,1,0,0,0,4,0,
shorter,exact_name,frame_channel_unlocked_ioctl,frame_channel_unlocked_ioctl,953,605,0.634837,-348,3812,2420,209,65,57,26,1,1,219,95,
shorter,exact_name,tx_isp_unlocked_ioctl,tx_isp_unlocked_ioctl,766,437,0.570496,-329,3064,1748,141,62,40,29,1,1,128,56,
shorter,exact_name,tisp_mdns_y_2d_param_cfg,tisp_mdns_y_2d_param_cfg,645,494,0.765891,-151,2580,1976,0,0,30,30,1,1,138,70,
shorter,exact_name,Tiziano_awb_fpga,Tiziano_awb_fpga,625,413,0.660800,-212,2500,1652,55,35,14,12,1,1,82,44,
shorter,exact_name,tisp_param_operate_process,tisp_param_operate_process,608,484,0.796053,-124,2432,1936,104,91,20,23,1,1,187,139,
shorter,exact_name,apical_isp_core_ops_g_ctrl,apical_isp_core_ops_g_ctrl,441,262,0.594104,-179,1764,1048,113,72,20,8,1,1,76,34,
shorter,exact_name,ispcore_core_ops_init,ispcore_core_ops_init,434,291,0.670507,-143,1736,1164,114,39,15,17,1,1,52,66,
shorter,exact_name,subdev_sensor_ops_ioctl,subdev_sensor_ops_ioctl,371,280,0.754717,-91,1484,1120,74,51,26,21,1,1,81,56,
shorter,exact_name,jz_isp_lsc_ct,jz_isp_lsc_ct,356,220,0.617978,-136,1424,880,48,20,12,6,1,1,63,26,
shorter,exact_name,ispcore_interrupt_service_routine,ispcore_interrupt_service_routine,297,197,0.663300,-100,1188,788,32,20,12,11,1,1,69,45,
shorter,exact_name,isp_framesource_show,isp_framesource_show,293,202,0.689420,-91,1172,808,23,9,24,22,1,1,74,44,
shorter,exact_name,tx_isp_vic_start,tx_isp_vic_start,233,138,0.592275,-95,932,552,46,29,3,1,1,1,30,30,
shorter,exact_name,cm_control,cm_control,229,140,0.611354,-89,916,560,15,2,9,9,1,1,7,5,
shorter,exact_name,JZ_Isp_Awb,JZ_Isp_Awb,206,161,0.781553,-45,824,644,14,10,3,3,1,1,98,81,
shorter,exact_name,tisp_mdns_c_adj_param_cfg,tisp_mdns_c_adj_param_cfg,158,116,0.734177,-42,632,464,0,1,9,8,1,0,18,17,
shorter,exact_name,tisp_day_or_night_s_ctrl,tisp_day_or_night_s_ctrl,129,99,0.767442,-30,516,396,5,5,20,14,1,0,56,45,
shorter,exact_name,tisp_adr_process,tisp_adr_process,124,89,0.717742,-35,496,356,6,5,11,10,1,0,22,15,
shorter,exact_name,tiziano_af_params_refresh,tiziano_af_params_refresh,124,93,0.750000,-31,496,372,0,0,19,19,1,1,78,43,
shorter,exact_name,tisp_mdns_sta_func_cfg,tisp_mdns_sta_func_cfg,123,92,0.747967,-31,492,368,12,1,8,7,1,0,12,15,
shorter,exact_name,tisp_sdns_c_param_cfg,tisp_sdns_c_param_cfg,122,84,0.688525,-38,488,336,0,0,5,5,1,1,13,7,
shorter,exact_name,fix_point_mult2,fix_point_mult2,109,87,0.798165,-22,436,348,1,3,5,5,1,1,5,4,
shorter,exact_name,fix_point_intp,fix_point_intp,103,56,0.543689,-47,412,224,12,7,4,2,1,1,16,12,
shorter,exact_name,tisp_set_ag_func,tisp_set_ag_func,102,80,0.784314,-22,408,320,5,0,6,6,1,1,32,12,
shorter,exact_name,tisp_dmsc_fc_par_cfg,tisp_dmsc_fc_par_cfg,96,59,0.614583,-37,384,236,0,2,9,8,1,0,20,20,
shorter,exact_name,tiziano_set_parameter_clm,tiziano_set_parameter_clm,93,62,0.666667,-31,372,248,4,4,6,6,1,1,22,14,
shorter,exact_name,tisp_s_wb_mode,tisp_s_wb_mode,90,53,0.588889,-37,360,212,12,12,1,1,1,2,28,15,
shorter,exact_name,tisp_deinit,tisp_deinit,86,62,0.720930,-24,344,248,7,5,9,7,1,1,36,16,
shorter,exact_name,tisp_sharpen_param_array_get,tisp_sharpen_param_array_get,81,48,0.592593,-33,324,192,15,4,2,2,1,1,36,14,
shorter,exact_name,ispcore_irq_thread_handle,ispcore_irq_thread_handle,73,57,0.780822,-16,292,228,10,6,2,2,1,1,3,4,
shorter,exact_name,tiziano_lsc_lut_parameter,tiziano_lsc_lut_parameter,69,47,0.681159,-22,276,188,2,1,5,5,1,1,14,12,
shorter,exact_name,tx_isp_release,tx_isp_release,65,47,0.723077,-18,260,188,15,9,2,2,1,1,2,2,
shorter,exact_name,tisp_sharpen_v1_sigma_np_cfg,tisp_sharpen_v1_sigma_np_cfg,63,43,0.682540,-20,252,172,0,0,3,3,1,1,5,4,
shorter,exact_name,tx_vic_disable_irq,tx_vic_disable_irq,63,46,0.730159,-17,252,184,10,4,4,3,1,1,16,12,
shorter,exact_name,tisp_set_saturation,tisp_set_saturation,63,47,0.746032,-16,252,188,5,3,4,2,1,1,17,10,
shorter,exact_name,tisp_dmsc_sp_d_sigma_3_np_cfg,tisp_dmsc_sp_d_sigma_3_np_cfg,62,42,0.677419,-20,248,168,0,0,3,3,1,1,5,4,
shorter,exact_name,tisp_ccm_param_array_get,tisp_ccm_param_array_get,62,46,0.741935,-16,248,184,9,4,2,2,1,1,24,14,
shorter,exact_name,ISPAWBInterpolation1,ISPAWBInterpolation1,60,45,0.750000,-15,240,180,1,0,4,2,2,1,8,4,
shorter,exact_name,isp_irq_handle,isp_irq_handle,56,41,0.732143,-15,224,164,9,5,2,2,1,1,0,4,
shorter,exact_name,ISPAWBInterpolation2,ISPAWBInterpolation2,55,43,0.781818,-12,220,172,1,2,4,4,2,1,8,4,
shorter,exact_name,isp_i2c_new_subdev_board,isp_i2c_new_subdev_board,54,28,0.518519,-26,216,112,6,2,6,3,1,1,14,6,
shorter,exact_name,tisp_event_init,tisp_event_init,53,41,0.773585,-12,212,164,2,2,1,1,1,1,18,18,
shorter,exact_name,tx_isp_open,tx_isp_open,53,41,0.773585,-12,212,164,9,6,1,1,2,2,0,0,
shorter,exact_name,tisp_dpc_s_par_cfg,tisp_dpc_s_par_cfg,52,39,0.750000,-13,208,156,0,1,4,3,1,0,10,9,
shorter,exact_name,tiziano_gib_deir_reg,tiziano_gib_deir_reg,50,38,0.760000,-12,200,152,1,1,3,3,1,1,2,2,
shorter,exact_name,ispcore_sensor_ops_ioctl,ispcore_sensor_ops_ioctl,50,39,0.780000,-11,200,156,8,6,1,1,1,1,0,0,
shorter,exact_name,tx_vic_enable_irq,tx_vic_enable_irq,49,33,0.673469,-16,196,132,9,4,3,2,1,1,10,6,
shorter,exact_name,vic_core_s_stream,vic_core_s_stream,49,37,0.755102,-12,196,148,15,7,1,1,3,3,2,2,
shorter,exact_name,ispcore_sensor_ops_release_all_sensor,ispcore_sensor_ops_release_all_sensor,44,33,0.750000,-11,176,132,8,6,1,1,1,1,0,0,
shorter,exact_name,tiziano_ccm_lut_parameter,tiziano_ccm_lut_parameter,43,27,0.627907,-16,172,108,3,3,1,1,1,1,5,2,
shorter,exact_name,tiziano_gamma_lut_parameter,tiziano_gamma_lut_parameter,43,33,0.767442,-10,172,132,1,1,3,3,1,1,4,4,
shorter,exact_name,tisp_channel_start,tisp_channel_start,41,30,0.731707,-11,164,120,4,3,4,4,1,1,5,4,
shorter,exact_name,private_leading_one_position_64,private_leading_one_position_64,39,28,0.717949,-11,156,112,7,0,0,0,1,1,0,0,
shorter,exact_name,vic_sensor_ops_sync_sensor_attr,vic_sensor_ops_sync_sensor_attr,39,29,0.743590,-10,156,116,11,5,2,2,1,1,10,8,
shorter,exact_name,tisp_gib_deir_ir_update,tisp_gib_deir_ir_update,39,30,0.769231,-9,156,120,4,4,1,1,1,1,15,10,
shorter,exact_name,fix_point_div_32,fix_point_div_32,38,29,0.763158,-9,152,116,6,6,1,0,1,1,2,0,
shorter,exact_name,tx_isp_vic_remove,tx_isp_vic_remove,37,25,0.675676,-12,148,100,3,0,4,4,1,1,8,8,
shorter,exact_name,fix_point_sub_64,fix_point_sub_64,34,20,0.588235,-14,136,80,3,2,1,1,1,1,4,4,
shorter,exact_name,fix_point_sub,fix_point_sub,34,23,0.676471,-11,136,92,3,2,1,1,1,1,4,4,
shorter,exact_name,tx_isp_vin_remove,tx_isp_vin_remove,33,26,0.787879,-7,132,104,2,0,4,4,1,1,8,8,
shorter,exact_name,tisp_s_ae_attr,tisp_s_ae_attr,31,20,0.645161,-11,124,80,2,1,1,0,1,1,2,4,
shorter,exact_name,isp_core_tuning_event,isp_core_tuning_event,30,21,0.700000,-9,120,84,4,4,1,1,2,1,2,2,
shorter,exact_name,tisp_ae_get_y_zone,tisp_ae_get_y_zone,30,23,0.766667,-7,120,92,0,0,3,3,1,1,11,8,
shorter,exact_name,fix_point_mult3,fix_point_mult3,29,23,0.793103,-6,116,92,1,1,1,1,0,0,2,2,
shorter,exact_name,tisp_ae_get_hist_custome,tisp_ae_get_hist_custome,29,23,0.793103,-6,116,92,0,0,3,3,1,1,11,8,
shorter,exact_name,tisp_ccm_ev_update,tisp_ccm_ev_update,28,16,0.571429,-12,112,64,1,2,1,1,1,1,6,4,
shorter,exact_name,tisp_ccm_ct_update,tisp_ccm_ct_update,28,19,0.678571,-9,112,76,1,1,1,1,1,1,6,7,
shorter,exact_name,system_reg_write_ae,system_reg_write_ae,28,22,0.785714,-6,112,88,4,4,1,1,0,0,3,2,
shorter,exact_name,tisp_af_set_attr_refresh,tisp_af_set_attr_refresh,26,14,0.538462,-12,104,56,1,1,0,0,0,0,12,4,
shorter,exact_name,tisp_sdns_par_refresh,tisp_sdns_par_refresh,26,17,0.653846,-9,104,68,3,3,1,0,1,1,8,4,
shorter,exact_name,tiziano_ae_dn_params_refresh,tiziano_ae_dn_params_refresh,23,18,0.782609,-5,92,72,0,1,2,1,1,0,12,10,
shorter,exact_name,private_kmalloc,private_kmalloc,22,4,0.181818,-18,88,16,1,1,2,0,1,0,8,2,
shorter,exact_name,tisp_ct_update,tisp_ct_update,20,15,0.750000,-5,80,60,0,0,2,2,1,1,4,4,
shorter,exact_name,tisp_s_wb_attr,tisp_s_wb_attr,19,4,0.210526,-15,76,16,0,1,1,0,1,0,2,2,
shorter,exact_name,tiziano_af_dn_params_refresh,tiziano_af_dn_params_refresh,19,11,0.578947,-8,76,44,2,1,2,1,0,0,8,4,
shorter,exact_name,sensor_get_normal_fps,sensor_get_normal_fps,19,13,0.684211,-6,76,52,0,0,0,0,1,1,2,2,
shorter,exact_name,tiziano_awb_dn_params_refresh,tiziano_awb_dn_params_refresh,19,14,0.736842,-5,76,56,0,1,2,1,1,0,8,6,
shorter,exact_name,private_request_module,private_request_module,19,15,0.789474,-4,76,60,0,0,1,1,1,1,4,6,
shorter,exact_name,tisp_log2_fixed_to_fixed,tisp_log2_fixed_to_fixed,18,4,0.222222,-14,72,16,0,1,1,0,1,0,2,2,
shorter,exact_name,private_seq_printf,private_seq_printf,18,12,0.666667,-6,72,48,0,0,1,1,1,1,4,2,
shorter,exact_name,tisp_sharpen_intp_reg_refresh,tisp_sharpen_intp_reg_refresh,18,14,0.777778,-4,72,56,0,1,3,2,1,0,6,6,
shorter,exact_name,tisp_s_af_attr,tisp_s_af_attr,17,4,0.235294,-13,68,16,0,1,1,0,1,0,2,2,
shorter,exact_name,tisp_g_ae_min,tisp_g_ae_min,17,6,0.352941,-11,68,24,0,0,1,0,1,1,2,2,
shorter,exact_name,tiziano_lsc_init,tiziano_lsc_init,17,6,0.352941,-11,68,24,0,0,2,0,1,1,6,3,
shorter,exact_name,tiziano_ccm_dn_params_refresh,tiziano_ccm_dn_params_refresh,17,13,0.764706,-4,68,52,0,0,2,2,1,0,6,6,
shorter,exact_name,netlink_rcv_msg,netlink_rcv_msg,16,4,0.250000,-12,64,16,4,0,0,0,1,1,2,0,
shorter,exact_name,tisp_dmsc_sp_alias_par_cfg,tisp_dmsc_sp_alias_par_cfg,16,10,0.625000,-6,64,40,0,1,1,0,1,0,6,6,
shorter,exact_name,tisp_mdns_refresh,tisp_mdns_refresh,14,4,0.285714,-10,56,16,0,1,1,0,1,0,6,2,
shorter,exact_name,tisp_ae_process,tisp_ae_process,14,10,0.714286,-4,56,40,0,0,2,2,1,0,4,4,
shorter,exact_name,tisp_s_ae_min,tisp_s_ae_min,14,11,0.785714,-3,56,44,0,0,1,1,1,1,2,2,
shorter,exact_name,tiziano_adr_dn_params_refresh,tiziano_adr_dn_params_refresh,14,11,0.785714,-3,56,44,0,1,2,1,1,0,4,4,
shorter,exact_name,tiziano_clm_dn_params_refresh,tiziano_clm_dn_params_refresh,14,11,0.785714,-3,56,44,0,1,2,1,1,0,4,4,
shorter,exact_name,tiziano_clm_init,tiziano_clm_init,14,11,0.785714,-3,56,44,0,1,2,1,1,0,4,4,
shorter,exact_name,tiziano_defog_dn_params_refresh,tiziano_defog_dn_params_refresh,14,11,0.785714,-3,56,44,0,1,2,1,1,0,4,4,
shorter,exact_name,tiziano_gamma_dn_params_refresh,tiziano_gamma_dn_params_refresh,14,11,0.785714,-3,56,44,0,1,2,1,1,0,4,4,
shorter,exact_name,tiziano_gamma_init,tiziano_gamma_init,14,11,0.785714,-3,56,44,0,1,2,1,1,0,4,4,
shorter,exact_name,tisp_ae_manual_set,tisp_ae_manual_set,13,8,0.615385,-5,52,32,0,0,0,0,1,1,4,4,
shorter,exact_name,jz_isp_ccm_para2reg,jz_isp_ccm_para2reg,12,6,0.500000,-6,48,24,2,1,0,0,1,0,0,0,
shorter,exact_name,tisp_dpc_refresh,tisp_dpc_refresh,11,5,0.454545,-6,44,20,0,1,1,0,1,0,2,2,
shorter,exact_name,tisp_sharpen_refresh,tisp_sharpen_refresh,11,5,0.454545,-6,44,20,0,1,1,0,1,0,2,2,
shorter,exact_name,tisp_adr_ev_update,tisp_adr_ev_update,10,2,0.200000,-8,40,8,0,0,0,0,1,1,4,0,
shorter,exact_name,tisp_defog_ev_update,tisp_defog_ev_update,10,2,0.200000,-8,40,8,0,0,0,0,1,1,4,0,
shorter,exact_name,tisp_defog_process,tisp_defog_process,10,4,0.400000,-6,40,16,0,1,1,0,1,0,2,2,
shorter,exact_name,tisp_g_wb_attr,tisp_g_wb_attr,10,4,0.400000,-6,40,16,0,1,1,0,1,0,2,2,
shorter,exact_name,tisp_sdns_refresh,tisp_sdns_refresh,10,4,0.400000,-6,40,16,0,1,1,0,1,0,2,2,
shorter,exact_name,tiziano_lsc_dn_params_refresh,tiziano_lsc_dn_params_refresh,10,4,0.400000,-6,40,16,0,1,1,0,1,0,2,2,
shorter,exact_name,tisp_g_drc_strength,tisp_g_drc_strength,10,5,0.500000,-5,40,20,0,0,1,0,1,1,2,2,
shorter,exact_name,tisp_day_or_night_g_ctrl,tisp_day_or_night_g_ctrl,10,7,0.700000,-3,40,28,1,0,0,0,1,1,2,2,
shorter,exact_name,tiziano_ae_s_ev_start,tiziano_ae_s_ev_start,6,2,0.333333,-4,24,8,0,0,0,0,1,1,4,0,
shorter,exact_name,tisp_netlink_event_set_cb,tisp_netlink_event_set_cb,4,2,0.500000,-2,16,8,0,0,0,0,1,1,2,0,
shorter,exact_name,tisp_s_ev_start,tisp_s_ev_start,4,2,0.500000,-2,16,8,1,0,0,0,0,1,2,0,
expanded,exact_name,init_module,init_module,18,2510,139.444444,2492,72,10040,1,1,2,2,1,1,4,1688,
expanded,exact_name,private_log2_fixed_to_fixed_64,private_log2_fixed_to_fixed_64,18,82,4.555556,64,72,328,0,8,1,1,1,1,2,4,
expanded,exact_name,tisp_log2_fixed_to_fixed_64,tisp_log2_fixed_to_fixed_64,18,81,4.500000,63,72,324,0,8,1,1,1,1,2,4,
expanded,exact_name,private_log2_fixed_to_fixed,private_log2_fixed_to_fixed,18,56,3.111111,38,72,224,0,9,1,0,1,1,2,0,
expanded,exact_name,isp_core_tuning_deinit,isp_core_tuning_deinit,7,14,2.000000,7,28,56,2,1,0,1,1,2,2,2,
expanded,exact_name,private_spin_unlock_irqrestore,private_spin_unlock_irqrestore,5,20,4.000000,15,20,80,1,2,0,1,0,1,2,4,
expanded,exact_name,private_misc_deregister,private_misc_deregister,5,11,2.200000,6,20,44,1,0,0,1,0,1,2,4,
larger,exact_name,tisp_sdns_param_array_set,tisp_sdns_param_array_set,134,192,1.432836,58,536,768,32,33,4,3,1,1,75,74,
larger,exact_name,tisp_adr_param_array_set,tisp_adr_param_array_set,127,169,1.330709,42,508,676,28,29,4,3,1,1,65,64,
larger,exact_name,tisp_defog_param_array_set,tisp_defog_param_array_set,116,154,1.327586,38,464,616,25,26,4,3,1,1,59,58,
larger,exact_name,tisp_set_fps,tisp_set_fps,53,69,1.301887,16,212,276,3,3,3,3,1,1,14,16,
larger,exact_name,private_log2_int_to_fixed,private_log2_int_to_fixed,48,62,1.291667,14,192,248,7,9,1,0,1,1,2,0,
larger,exact_name,fix_point_mult3_32,fix_point_mult3_32,20,30,1.500000,10,80,120,1,0,1,0,0,1,2,0,
larger,exact_name,tisp_hldc_par_refresh,tisp_hldc_par_refresh,19,25,1.315789,6,76,100,1,2,2,2,1,1,4,6,
larger,exact_name,private_init_completion,private_init_completion,5,9,1.800000,4,20,36,1,1,0,0,0,0,2,6,
larger,exact_name,private_gpio_free,private_gpio_free,5,8,1.600000,3,20,32,1,2,0,0,0,1,2,2,
larger,exact_name,tisp_awb_set_frz,tisp_awb_set_frz,4,6,1.500000,2,16,24,0,0,0,0,1,1,2,4,
larger,exact_name,tisp_s_wb_frz,tisp_s_wb_frz,4,6,1.500000,2,16,24,1,0,0,0,0,1,2,4,
recovered_only,recovered_only,,__private_spin_lock_irqsave.constprop.0,,16,,,,64,,1,,1,,1,,2,
recovered_only,recovered_only,,apical_isp_ae_g_roi_isra_64,,62,,,,248,,4,,6,,1,,14,
recovered_only,recovered_only,,apical_isp_ae_s_roi_isra_45,,67,,,,268,,8,,5,,1,,16,
recovered_only,recovered_only,,apical_isp_ae_zone_g_ctrl_isra_69,,19,,,,76,,0,,2,,1,,4,
recovered_only,recovered_only,,apical_isp_ae_zone_weight_g_attr_isra_70,,58,,,,232,,4,,5,,1,,12,
recovered_only,recovered_only,,apical_isp_ae_zone_weight_s_attr_isra_50,,71,,,,284,,7,,6,,1,,18,
recovered_only,recovered_only,,apical_isp_af_hist_g_attr_isra_73,,17,,,,68,,0,,2,,1,,4,
recovered_only,recovered_only,,apical_isp_af_weight_g_attr_isra_74,,59,,,,236,,4,,5,,1,,12,
recovered_only,recovered_only,,apical_isp_af_weight_s_attr_isra_54,,71,,,,284,,7,,6,,1,,18,
recovered_only,recovered_only,,apical_isp_ev_g_attr_isra_62,,32,,,,128,,2,,3,,1,,10,
recovered_only,recovered_only,,apical_isp_gamma_g_attr_isra_63,,41,,,,164,,3,,3,,1,,10,
recovered_only,recovered_only,,apical_isp_gamma_s_attr_isra_44,,20,,,,80,,2,,1,,1,,2,
recovered_only,recovered_only,,apical_isp_max_again_g_ctrl_isra_60,,26,,,,104,,2,,2,,1,,8,
recovered_only,recovered_only,,apical_isp_max_dgain_g_ctrl_isra_61,,26,,,,104,,2,,2,,1,,8,
recovered_only,recovered_only,,apical_isp_wb_g_ctrl_isra_65,,55,,,,220,,4,,4,,1,,16,
recovered_only,recovered_only,,private_spin_unlock_irqrestore.constprop.0,,20,,,,80,,2,,1,,1,,4,
recovered_only,recovered_only,,regtrace_seq_printf,,13,,,,52,,0,,1,,1,,2,
recovered_only,recovered_only,,spin_lock,,4,,,,16,,0,,0,,1,,0,
recovered_only,recovered_only,,sub_6924,,2,,,,8,,0,,0,,1,,0,
recovered_only,recovered_only,,sub_692c,,2,,,,8,,0,,0,,1,,0,
recovered_only,recovered_only,,sub_6934,,2,,,,8,,0,,0,,1,,0,
recovered_only,recovered_only,,sub_69a0,,2,,,,8,,0,,0,,1,,0,
recovered_only,recovered_only,,sub_69bc,,2,,,,8,,0,,0,,1,,0,
recovered_only,recovered_only,,sub_69ec,,2,,,,8,,0,,0,,1,,0,
recovered_only,recovered_only,,sub_6b58,,2,,,,8,,0,,0,,1,,0,
recovered_only,recovered_only,,sub_6b60,,2,,,,8,,0,,0,,1,,0,
recovered_only,recovered_only,,sub_6b68,,2,,,,8,,0,,0,,1,,0,
recovered_only,recovered_only,,sub_6b70,,2,,,,8,,0,,0,,1,,0,
recovered_only,recovered_only,,sub_6b78,,2,,,,8,,0,,0,,1,,0,
recovered_only,recovered_only,,sub_6c20,,2,,,,8,,0,,0,,1,,0,
recovered_only,recovered_only,,sub_6c28,,5,,,,20,,0,,0,,1,,0,
recovered_only,recovered_only,,sub_6c38,,2,,,,8,,0,,0,,1,,0,
recovered_only,recovered_only,,sub_6c44,,2,,,,8,,0,,0,,1,,0,
recovered_only,recovered_only,,sub_6c4c,,2,,,,8,,0,,0,,1,,0,
recovered_only,recovered_only,,sub_6c54,,2,,,,8,,0,,0,,1,,0,
recovered_only,recovered_only,,sub_6c5c,,2,,,,8,,0,,0,,1,,0,
recovered_only,recovered_only,,sub_6c64,,2,,,,8,,0,,0,,1,,0,
recovered_only,recovered_only,,sub_6c6c,,2,,,,8,,0,,0,,1,,0,
recovered_only,recovered_only,,sub_6c74,,2,,,,8,,0,,0,,1,,0,
recovered_only,recovered_only,,sub_6c7c,,2,,,,8,,0,,0,,1,,0,
recovered_only,recovered_only,,sub_6c84,,2,,,,8,,0,,0,,1,,0,
recovered_only,recovered_only,,sub_6c8c,,2,,,,8,,0,,0,,1,,0,
recovered_only,recovered_only,,sub_6c94,,2,,,,8,,0,,0,,1,,0,
recovered_only,recovered_only,,sub_6c9c,,2,,,,8,,0,,0,,1,,0,
recovered_only,recovered_only,,sub_6ca4,,2,,,,8,,0,,0,,1,,0,
recovered_only,recovered_only,,sub_6cac,,2,,,,8,,0,,0,,1,,0,
recovered_only,recovered_only,,sub_6cb4,,2,,,,8,,0,,0,,1,,0,
recovered_only,recovered_only,,sub_6cbc,,2,,,,8,,0,,0,,1,,0,
recovered_only,recovered_only,,sub_6cc4,,2,,,,8,,0,,0,,1,,0,
recovered_only,recovered_only,,sub_6cd0,,5,,,,20,,0,,0,,1,,2,
recovered_only,recovered_only,,sub_6ce4,,2,,,,8,,0,,0,,1,,0,
recovered_only,recovered_only,,sub_6cec,,2,,,,8,,0,,0,,1,,0,
recovered_only,recovered_only,,sub_6cf4,,2,,,,8,,0,,0,,1,,0,
recovered_only,recovered_only,,sub_6cfc,,2,,,,8,,0,,0,,1,,0,
recovered_only,recovered_only,,sub_6d04,,2,,,,8,,0,,0,,1,,0,
recovered_only,recovered_only,,sub_70a0,,2,,,,8,,0,,0,,1,,0,
recovered_only,recovered_only,,sub_70b0,,2,,,,8,,0,,0,,1,,0,
recovered_only,recovered_only,,tisp_ccm_param_array_set.part.0,,30,,,,120,,2,,2,,0,,12,
recovered_only,recovered_only,,tisp_hldc_par_refresh_part_0,,15,,,,60,,1,,1,,0,,4,
recovered_only,recovered_only,,tx_isp_core_platform_device_platform_release,,2,,,,8,,0,,0,,1,,0,
recovered_only,recovered_only,,tx_isp_dispatch_sensor_ioctl,,40,,,,160,,8,,1,,1,,0,
recovered_only,recovered_only,,tx_isp_fs_platform_device_platform_release,,2,,,,8,,0,,0,,1,,0,
recovered_only,recovered_only,,tx_isp_irq_line_disable,,10,,,,40,,0,,1,,1,,2,
recovered_only,recovered_only,,tx_isp_irq_line_enable,,10,,,,40,,0,,1,,1,,2,
recovered_only,recovered_only,,tx_isp_platform_device_platform_release,,2,,,,8,,0,,0,,1,,0,
recovered_only,recovered_only,,tx_isp_vic_platform_device_platform_release,,2,,,,8,,0,,0,,1,,0,
recovered_only,recovered_only,,tx_isp_video_link_destroy_isra_1,,72,,,,288,,12,,4,,1,,8,
recovered_only,recovered_only,,tx_isp_vin_platform_device_platform_release,,2,,,,8,,0,,0,,1,,0,
recovered_only,recovered_only,,vic_core_ops_ioctl_1,,25,,,,100,,4,,1,,2,,0,
recovered_only,recovered_only,,video_input_strncmp,,17,,,,68,,4,,0,,2,,0,
similar,exact_name,tiziano_defog_params_init,tiziano_defog_params_init,983,933,0.949135,-50,3932,3732,1,1,74,74,1,1,79,64,
similar,exact_name,tisp_mdns_param_array_set,tisp_mdns_param_array_set,966,940,0.973085,-26,3864,3760,132,133,136,127,1,1,419,274,
similar,exact_name,tiziano_adr_params_init,tiziano_adr_params_init,763,749,0.981651,-14,3052,2996,1,2,74,73,1,0,35,33,
similar,exact_name,tisp_mdns_intp,tisp_mdns_intp,751,683,0.909454,-68,3004,2732,0,0,105,105,1,1,422,354,
similar,exact_name,tisp_init,tisp_init,668,635,0.950599,-33,2672,2540,33,33,108,103,1,1,210,196,
similar,exact_name,tisp_sdns_y_param_cfg,tisp_sdns_y_param_cfg,586,559,0.953925,-27,2344,2236,0,0,26,26,1,1,55,55,
similar,exact_name,tisp_mdns_y_3d_param_cfg,tisp_mdns_y_3d_param_cfg,565,510,0.902655,-55,2260,2040,0,0,55,55,1,1,54,47,
similar,exact_name,isp_info_show,isp_info_show,541,462,0.853974,-79,2164,1848,102,90,42,37,1,1,178,145,
similar,exact_name,tisp_mdns_c_3d_param_cfg,tisp_mdns_c_3d_param_cfg,489,439,0.897751,-50,1956,1756,0,0,41,41,1,1,26,23,
similar,exact_name,tiziano_af_set_regs,tiziano_af_set_regs,458,434,0.947598,-24,1832,1736,8,6,41,40,1,0,50,6,
similar,exact_name,tisp_mdns_y_adj_param_cfg,tisp_mdns_y_adj_param_cfg,413,382,0.924939,-31,1652,1528,0,1,25,24,1,0,33,43,
similar,exact_name,video_input_cmd_set,video_input_cmd_set,400,334,0.835000,-66,1600,1336,59,37,29,30,1,1,94,90,
similar,exact_name,ispcore_pad_event_handle,ispcore_pad_event_handle,387,353,0.912145,-34,1548,1412,63,49,18,16,1,1,53,48,
similar,exact_name,subsection,subsection,359,362,1.008357,3,1436,1448,13,13,20,20,1,1,18,12,
similar,exact_name,tx_isp_subdev_init,tx_isp_subdev_init,356,327,0.918539,-29,1424,1308,46,37,27,25,1,1,84,74,
similar,exact_name,tisp_dpc_d_par_cfg,tisp_dpc_d_par_cfg,353,313,0.886686,-40,1412,1252,10,5,21,20,1,0,42,44,
similar,exact_name,tiziano_af_dump,tiziano_af_dump,307,308,1.003257,1,1228,1232,1,0,82,83,0,1,48,48,
similar,exact_name,frame_chan_event,frame_chan_event,275,264,0.960000,-11,1100,1056,23,24,14,14,4,1,51,51,
similar,exact_name,tiziano_load_parameters,tiziano_load_parameters,272,260,0.955882,-12,1088,1040,26,21,28,29,1,1,76,73,
similar,exact_name,tisp_s_3dns_ratio,tisp_s_3dns_ratio,264,239,0.905303,-25,1056,956,5,5,19,19,1,1,29,28,
similar,exact_name,tx_isp_fs_probe,tx_isp_fs_probe,248,223,0.899194,-25,992,892,28,15,21,20,1,1,58,52,
similar,exact_name,tx_isp_probe,tx_isp_probe,234,229,0.978632,-5,936,916,28,24,23,22,1,1,75,73,
similar,exact_name,tx_isp_core_probe,tx_isp_core_probe,228,205,0.899123,-23,912,820,18,15,20,17,1,1,56,42,
similar,exact_name,tisp_ae_get_hist,tisp_ae_get_hist,224,181,0.808036,-43,896,724,18,16,10,10,1,1,50,54,
similar,exact_name,tiziano_ae_init,tiziano_ae_init,223,183,0.820628,-40,892,732,12,6,20,14,1,1,82,54,
similar,exact_name,Tiziano_af_fpga,Tiziano_af_fpga,201,194,0.965174,-7,804,776,5,5,8,8,1,1,6,4,
similar,exact_name,tisp_set_sharpness,tisp_set_sharpness,200,165,0.825000,-35,800,660,10,4,26,26,1,1,56,38,
similar,exact_name,tiziano_adr_params_refresh,tiziano_adr_params_refresh,197,175,0.888325,-22,788,700,3,4,28,27,1,1,119,88,
similar,exact_name,tiziano_sdns_params_refresh,tiziano_sdns_params_refresh,190,163,0.857895,-27,760,652,0,0,30,30,1,1,122,93,
similar,exact_name,tiziano_gib_deir_ir_interpolation,tiziano_gib_deir_ir_interpolation,189,158,0.835979,-31,756,632,21,14,6,7,1,1,81,79,
similar,exact_name,tisp_ae_param_array_set,tisp_ae_param_array_set,186,196,1.053763,10,744,784,24,24,15,14,1,1,86,40,
similar,exact_name,tisp_sdns_intp,tisp_sdns_intp,177,171,0.966102,-6,708,684,0,0,23,23,1,1,94,88,
similar,exact_name,dump_vic_reg,dump_vic_reg,177,175,0.988701,-2,708,700,1,1,26,26,0,0,30,31,
similar,exact_name,tiziano_adr_init,tiziano_adr_init,176,144,0.818182,-32,704,576,6,4,20,18,1,1,36,29,
similar,exact_name,tiziano_ae_dump,tiziano_ae_dump,174,175,1.005747,1,696,700,1,0,44,45,0,1,29,29,
similar,exact_name,tisp_dpc_intp,tisp_dpc_intp,170,168,0.988235,-2,680,672,0,0,22,22,1,1,90,88,
similar,exact_name,tx_isp_create_graph_and_nodes,tx_isp_create_graph_and_nodes,169,138,0.816568,-31,676,552,23,15,10,10,1,1,26,26,
similar,exact_name,tiziano_awb_params_refresh,tiziano_awb_params_refresh,167,145,0.868263,-22,668,580,1,1,25,25,1,1,105,81,
similar,exact_name,tisp_awb_param_array_set,tisp_awb_param_array_set,167,187,1.119760,20,668,748,28,28,12,11,1,1,78,78,
similar,exact_name,tiziano_defog_init,tiziano_defog_init,164,136,0.829268,-28,656,544,0,0,21,19,1,1,17,18,
similar,exact_name,tiziano_awb_set_hardware_param,tiziano_awb_set_hardware_param,160,148,0.925000,-12,640,592,1,0,14,14,1,1,10,7,
similar,exact_name,tiziano_ct_ccm_interpolation,tiziano_ct_ccm_interpolation,157,163,1.038217,6,628,652,28,25,0,1,1,1,40,35,
similar,exact_name,tiziano_ae_set_hardware_param,tiziano_ae_set_hardware_param,156,137,0.878205,-19,624,548,3,2,10,10,1,1,12,11,
similar,exact_name,subsection_map,subsection_map,149,148,0.993289,-1,596,592,11,10,5,5,1,1,6,6,
similar,exact_name,ispcore_activate_module,ispcore_activate_module,147,127,0.863946,-20,588,508,25,20,9,7,3,2,19,16,
similar,exact_name,tisp_dpc_param_array_set,tisp_dpc_param_array_set,144,174,1.208333,30,576,696,35,36,4,3,1,1,81,80,
similar,exact_name,subdev_sensor_ops_set_input,subdev_sensor_ops_set_input,141,127,0.900709,-14,564,508,32,24,9,9,1,1,19,16,
similar,exact_name,ispcore_slake_module,ispcore_slake_module,137,126,0.919708,-11,548,504,22,19,7,7,3,2,21,17,
similar,exact_name,tisp_mdns_top_func_cfg,tisp_mdns_top_func_cfg,129,104,0.806202,-25,516,416,2,2,8,7,1,0,6,7,
similar,exact_name,ispcore_video_s_stream,ispcore_video_s_stream,129,120,0.930233,-9,516,480,19,18,7,7,1,1,17,16,
similar,exact_name,tisp_rdns_par_cfg,tisp_rdns_par_cfg,127,105,0.826772,-22,508,420,2,3,10,9,1,0,19,17,
similar,exact_name,tiziano_adr_gamma_refresh,tiziano_adr_gamma_refresh,125,117,0.936000,-8,500,468,16,15,2,1,1,1,21,18,
similar,exact_name,sinfo_show,sinfo_show,124,116,0.935484,-8,496,464,28,26,3,3,1,1,31,27,
similar,exact_name,ispcore_core_ops_ioctl,ispcore_core_ops_ioctl,122,105,0.860656,-17,488,420,29,24,3,3,1,1,6,8,
similar,exact_name,isp_subdev_init_clks,isp_subdev_init_clks,118,113,0.957627,-5,472,452,12,12,9,8,1,1,26,24,
similar,exact_name,tisp_s_antiflick,tisp_s_antiflick,117,112,0.957265,-5,468,448,7,5,12,12,1,1,34,33,
similar,exact_name,isp_vic_interrupt_service_routine,isp_vic_interrupt_service_routine,110,90,0.818182,-20,440,360,14,11,3,3,2,2,22,18,
similar,exact_name,tx_isp_sinfo_sensor_bind,tx_isp_sinfo_sensor_bind,110,99,0.900000,-11,440,396,14,16,3,3,2,2,12,12,
similar,exact_name,tisp_af_param_array_set,tisp_af_param_array_set,106,120,1.132075,14,424,480,21,22,3,2,1,1,50,46,
similar,exact_name,fix_point_mult2_64,fix_point_mult2_64,103,110,1.067961,7,412,440,0,0,5,5,1,1,4,4,
similar,exact_name,tisp_event_process,tisp_event_process,102,95,0.931373,-7,408,380,7,6,7,7,1,1,31,27,
similar,exact_name,tisp_af_get_statistics,tisp_af_get_statistics,99,94,0.949495,-5,396,376,4,4,0,0,1,1,12,12,
similar,exact_name,tisp_ae_get_statistics,tisp_ae_get_statistics,99,95,0.959596,-4,396,380,4,5,0,0,1,2,12,12,
similar,exact_name,JZ_Isp_Awb_Reg2par,JZ_Isp_Awb_Reg2par,98,82,0.836735,-16,392,328,5,3,0,0,1,1,0,0,
similar,exact_name,isp_core_tunning_unlocked_ioctl,isp_core_tunning_unlocked_ioctl,98,89,0.908163,-9,392,356,17,15,8,7,1,1,14,13,
similar,exact_name,tiziano_deflicker_expt,tiziano_deflicker_expt,98,92,0.938776,-6,392,368,7,4,4,4,1,1,10,9,
similar,exact_name,private_log2_int_to_fixed_64,private_log2_int_to_fixed_64,97,90,0.927835,-7,388,360,7,8,4,1,1,2,10,4,
similar,exact_name,tx_isp_vic_probe,tx_isp_vic_probe,97,90,0.927835,-7,388,360,4,4,11,10,1,1,40,32,
similar,exact_name,printf_func,printf_func,97,101,1.041237,4,388,404,10,8,7,7,1,1,27,23,
similar,exact_name,fix_point_div,fix_point_div,96,80,0.833333,-16,384,320,9,7,3,3,1,1,6,6,
similar,exact_name,fix_point_div_64,fix_point_div_64,96,92,0.958333,-4,384,368,9,7,3,3,1,1,6,6,
similar,exact_name,isp_vic_frd_show,isp_vic_frd_show,93,81,0.870968,-12,372,324,10,7,6,6,1,1,25,15,
similar,exact_name,tiziano_defog_interrupt_static,tiziano_defog_interrupt_static,93,82,0.881720,-11,372,328,4,5,10,8,1,1,27,20,
similar,exact_name,tiziano_adr_interrupt_static,tiziano_adr_interrupt_static,93,89,0.956989,-4,372,356,4,4,10,10,1,1,27,22,
similar,exact_name,tisp_g_ev_attr,tisp_g_ev_attr,86,74,0.860465,-12,344,296,0,0,8,8,1,1,8,10,
similar,exact_name,tisp_s_adr_str_internal,tisp_s_adr_str_internal,86,89,1.034884,3,344,356,3,3,1,1,1,1,16,16,
similar,exact_name,ispcore_frame_channel_streamoff,ispcore_frame_channel_streamoff,85,70,0.823529,-15,340,280,3,3,5,5,1,1,8,8,
similar,exact_name,tisp_sharpen_param_array_set,tisp_sharpen_param_array_set,82,94,1.146341,12,328,376,15,16,3,3,1,1,40,40,
similar,exact_name,tiziano_adr_get_data,tiziano_adr_get_data,82,74,0.902439,-8,328,296,5,3,0,0,1,1,9,6,
similar,exact_name,tx_isp_vin_probe,tx_isp_vin_probe,82,84,1.024390,2,328,336,4,4,8,8,1,1,28,26,
similar,exact_name,tisp_event_push,tisp_event_push,80,76,0.950000,-4,320,304,3,2,5,5,1,1,20,12,
similar,exact_name,subdev_sensor_ops_release_all_sensor,subdev_sensor_ops_release_all_sensor,79,80,1.012658,1,316,320,11,9,4,4,2,2,15,14,
similar,exact_name,JZ_Isp_Ae_Reg2par,JZ_Isp_Ae_Reg2par,78,71,0.910256,-7,312,284,5,3,0,0,1,1,0,0,
similar,exact_name,tisp_dmsc_dir_par_cfg,tisp_dmsc_dir_par_cfg,77,69,0.896104,-8,308,276,0,1,7,6,1,0,19,20,
similar,exact_name,tisp_ae_target,tisp_ae_target,76,67,0.881579,-9,304,268,9,6,0,0,1,4,0,0,
similar,exact_name,tx_isp_request_irq,tx_isp_request_irq,76,72,0.947368,-4,304,288,7,7,6,4,1,1,26,24,
similar,exact_name,tisp_hldc_con_par_cfg,tisp_hldc_con_par_cfg,75,71,0.946667,-4,300,284,0,1,12,11,1,0,7,11,
similar,exact_name,isp_malloc_buffer,isp_malloc_buffer,75,72,0.960000,-3,300,288,13,10,4,4,1,2,15,15,
similar,exact_name,netlink_send_msg,netlink_send_msg,75,74,0.986667,-1,300,296,5,4,6,6,1,1,24,24,
similar,exact_name,tiziano_gib_lut_parameter,tiziano_gib_lut_parameter,74,62,0.837838,-12,296,248,1,1,6,6,1,1,24,21,
similar,exact_name,tisp_dmsc_all_reg_refresh,tisp_dmsc_all_reg_refresh,74,70,0.945946,-4,296,280,0,1,17,16,1,0,34,34,
similar,exact_name,tiziano_awb_init,tiziano_awb_init,73,66,0.904110,-7,292,264,5,5,5,3,1,1,25,16,
similar,exact_name,JZ_Isp_Get_Awb_Statistics,JZ_Isp_Get_Awb_Statistics,72,74,1.027778,2,288,296,4,5,0,0,1,2,8,8,
similar,exact_name,isp_free_buffer,isp_free_buffer,71,78,1.098592,7,284,312,14,14,2,3,0,1,12,13,
similar,exact_name,tisp_sharpen_con_par_cfg,tisp_sharpen_con_par_cfg,71,67,0.943662,-4,284,268,0,0,6,6,1,1,17,17,
similar,exact_name,tisp_lsc_param_array_get,tisp_lsc_param_array_get,70,77,1.100000,7,280,308,11,12,2,2,1,1,28,28,
similar,exact_name,tx_isp_notify,tx_isp_notify,69,59,0.855072,-10,276,236,12,11,1,1,1,1,2,2,
similar,exact_name,tx_isp_sinfo_driver_add,tx_isp_sinfo_driver_add,69,64,0.927536,-5,276,256,6,5,4,4,2,2,18,16,
similar,exact_name,tiziano_defog_get_data,tiziano_defog_get_data,68,62,0.911765,-6,272,248,1,1,0,0,1,1,12,12,
similar,exact_name,tisp_ae_tune,tisp_ae_tune,68,69,1.014706,1,272,276,0,0,4,4,1,1,4,4,
similar,exact_name,tx_isp_video_link_stream,tx_isp_video_link_stream,67,63,0.940299,-4,268,252,12,10,2,2,1,1,0,0,
similar,exact_name,tx_isp_video_s_stream,tx_isp_video_s_stream,67,65,0.970149,-2,268,260,12,12,2,2,1,1,0,0,
similar,exact_name,subdev_sensor_ops_enum_input,subdev_sensor_ops_enum_input,66,60,0.909091,-6,264,240,11,8,2,2,2,2,5,5,
similar,exact_name,func_zone_ct_weight,func_zone_ct_weight,66,71,1.075758,5,264,284,8,7,2,3,0,0,8,4,
similar,exact_name,tisp_dmsc_sp_d_par_cfg,tisp_dmsc_sp_d_par_cfg,66,61,0.924242,-5,264,244,0,1,6,5,1,0,13,13,
similar,exact_name,tx_isp_vin_slake_subdev,tx_isp_vin_slake_subdev,66,63,0.954545,-3,264,252,7,8,6,6,1,1,13,12,
similar,exact_name,__vb2_queue_cancel,__vb2_queue_cancel,65,58,0.892308,-7,260,232,8,5,4,4,1,1,8,8,
similar,exact_name,tisp_log2_int_to_fixed,tisp_log2_int_to_fixed,65,59,0.907692,-6,260,236,13,9,0,0,1,1,0,0,
similar,exact_name,fs_slake_module,fs_slake_module,65,60,0.923077,-5,260,240,7,7,2,2,3,2,4,4,
similar,exact_name,tisp_af_process_impl,tisp_af_process_impl,65,63,0.969231,-2,260,252,2,1,1,1,1,1,31,29,
similar,exact_name,tiziano_lsc_params_refresh,tiziano_lsc_params_refresh,64,53,0.828125,-11,256,212,0,0,9,9,1,1,38,23,
similar,exact_name,clm_lut2reg,clm_lut2reg,64,69,1.078125,5,256,276,4,2,0,0,1,1,0,0,
similar,exact_name,tisp_dmsc_sp_ud_par_cfg,tisp_dmsc_sp_ud_par_cfg,64,59,0.921875,-5,256,236,0,1,6,5,1,0,13,15,
similar,exact_name,tisp_channel_attr_set_crop_scaler,tisp_channel_attr_set_crop_scaler,62,50,0.806452,-12,248,200,0,1,6,5,1,0,7,7,
similar,exact_name,tisp_ctr_md_np_cfg,tisp_ctr_md_np_cfg,62,56,0.903226,-6,248,224,0,1,4,3,1,0,5,5,
similar,exact_name,tisp_rdns_g_lum_np_cfg,tisp_rdns_g_lum_np_cfg,62,56,0.903226,-6,248,224,0,1,8,7,1,0,5,5,
similar,exact_name,tisp_rdns_g_std_np_cfg,tisp_rdns_g_std_np_cfg,62,56,0.903226,-6,248,224,0,1,8,7,1,0,5,5,
similar,exact_name,tisp_rdns_rb_lum_np_cfg,tisp_rdns_rb_lum_np_cfg,62,56,0.903226,-6,248,224,0,1,8,7,1,0,5,5,
similar,exact_name,tisp_rdns_rb_std_np_cfg,tisp_rdns_rb_std_np_cfg,62,56,0.903226,-6,248,224,0,1,8,7,1,0,5,5,
similar,exact_name,tisp_rdns_uu_np_cfg,tisp_rdns_uu_np_cfg,62,56,0.903226,-6,248,224,0,1,8,7,1,0,5,5,
similar,exact_name,tisp_hldc_param_array_set,tisp_hldc_param_array_set,62,57,0.919355,-5,248,228,4,4,8,7,1,1,21,18,
similar,exact_name,tisp_dmsc_sp_d_b_wei_np_cfg,tisp_dmsc_sp_d_b_wei_np_cfg,62,58,0.935484,-4,248,232,0,0,4,4,1,1,5,5,
similar,exact_name,tisp_dmsc_sp_d_w_wei_np_cfg,tisp_dmsc_sp_d_w_wei_np_cfg,62,58,0.935484,-4,248,232,0,0,4,4,1,1,5,5,
similar,exact_name,tisp_dmsc_sp_ud_b_wei_np_cfg,tisp_dmsc_sp_ud_b_wei_np_cfg,62,58,0.935484,-4,248,232,0,0,4,4,1,1,5,5,
similar,exact_name,tisp_dmsc_sp_ud_w_wei_np_cfg,tisp_dmsc_sp_ud_w_wei_np_cfg,62,58,0.935484,-4,248,232,0,0,4,4,1,1,5,5,
similar,exact_name,tisp_dmsc_uu_np_cfg,tisp_dmsc_uu_np_cfg,62,58,0.935484,-4,248,232,0,1,8,7,1,0,5,9,
similar,exact_name,tisp_sharpen_b_wei_np_cfg,tisp_sharpen_b_wei_np_cfg,62,58,0.935484,-4,248,232,0,0,4,4,1,1,5,5,
similar,exact_name,tisp_sharpen_uu_np_cfg,tisp_sharpen_uu_np_cfg,62,58,0.935484,-4,248,232,0,0,4,4,1,1,5,5,
similar,exact_name,tisp_sharpen_w_wei_np_cfg,tisp_sharpen_w_wei_np_cfg,62,58,0.935484,-4,248,232,0,0,4,4,1,1,5,5,
similar,exact_name,tisp_channel_attr_set,tisp_channel_attr_set,61,50,0.819672,-11,244,200,0,1,6,5,1,0,5,5,
similar,exact_name,tx_isp_vic_slake_subdev,tx_isp_vic_slake_subdev,61,54,0.885246,-7,244,216,11,8,4,4,3,2,9,8,
similar,exact_name,tisp_mdns_c_2d_param_cfg,tisp_mdns_c_2d_param_cfg,61,58,0.950820,-3,244,232,0,1,7,6,1,0,24,26,
similar,exact_name,tisp_set_contrast,tisp_set_contrast,60,53,0.883333,-7,240,212,2,2,7,7,1,1,7,8,
similar,exact_name,tiziano_af_init,tiziano_af_init,60,56,0.933333,-4,240,224,0,0,4,4,1,1,23,16,
similar,exact_name,find_subdev_link_pad,find_subdev_link_pad,59,56,0.949153,-3,236,224,14,9,1,1,1,3,6,4,
similar,exact_name,sinfo_slot_publish,sinfo_slot_publish,59,62,1.050847,3,236,248,3,3,3,3,1,1,14,14,
similar,exact_name,tx_isp_subdev_deinit,tx_isp_subdev_deinit,59,62,1.050847,3,236,248,6,5,8,8,1,1,17,20,
similar,exact_name,frame_channel_open,frame_channel_open,59,57,0.966102,-2,236,228,5,5,7,7,1,1,14,14,
similar,exact_name,tiziano_ccm_init,tiziano_ccm_init,58,55,0.948276,-3,232,220,0,0,6,6,1,1,28,26,
similar,exact_name,private_math_exp2,private_math_exp2,57,65,1.140351,8,228,260,2,6,1,1,1,2,5,4,
similar,exact_name,tisp_channel_stop,tisp_channel_stop,57,54,0.947368,-3,228,216,3,3,5,5,1,1,14,12,
similar,exact_name,__fill_v4l2_buffer,__fill_v4l2_buffer,56,53,0.946429,-3,224,212,8,8,1,1,1,1,2,2,
similar,exact_name,isp_core_tuning_init,isp_core_tuning_init,54,48,0.888889,-6,216,192,2,2,5,4,1,1,20,16,
similar,exact_name,tisp_ctr_par_cfg,tisp_ctr_par_cfg,53,47,0.886792,-6,212,188,0,1,3,2,1,0,13,13,
similar,exact_name,tiziano_ccm_params_refresh,tiziano_ccm_params_refresh,52,48,0.923077,-4,208,192,0,0,7,7,1,1,30,24,
similar,exact_name,tisp_channel_stop_save,tisp_channel_stop_save,52,55,1.057692,3,208,220,3,2,5,7,1,1,16,14,
similar,exact_name,tisp_mdns_all_reg_refresh,tisp_mdns_all_reg_refresh,51,48,0.941176,-3,204,192,0,1,10,9,1,0,24,24,
similar,exact_name,tisp_mdns_intp_reg_refresh,tisp_mdns_intp_reg_refresh,51,48,0.941176,-3,204,192,0,1,10,9,1,0,24,24,
similar,exact_name,private_reset_tx_isp_module,private_reset_tx_isp_module,51,50,0.980392,-1,204,200,5,4,1,1,2,2,2,2,
similar,exact_name,tisp_dpc_all_reg_refresh,tisp_dpc_all_reg_refresh,50,47,0.940000,-3,200,188,0,1,11,10,1,0,22,22,
similar,exact_name,tisp_ae_ctrls_update,tisp_ae_ctrls_update,48,43,0.895833,-5,192,172,5,5,1,1,1,1,14,8,
similar,exact_name,tisp_clm_param_array_get,tisp_clm_param_array_get,47,46,0.978723,-1,188,184,7,6,2,2,1,1,14,14,
similar,exact_name,tx_isp_module_init,tx_isp_module_init,47,48,1.021277,1,188,192,4,4,3,3,1,1,12,13,
similar,exact_name,isp_mem_init,isp_mem_init,46,41,0.891304,-5,184,164,0,0,4,4,1,1,21,19,
similar,exact_name,tx_isp_init,tx_isp_init,46,51,1.108696,5,184,204,5,5,5,6,1,1,19,21,
similar,exact_name,tisp_dmsc_intp_reg_refresh,tisp_dmsc_intp_reg_refresh,46,42,0.913043,-4,184,168,0,1,10,9,1,0,20,20,
similar,exact_name,tisp_s_aeroi_weight,tisp_s_aeroi_weight,46,48,1.043478,2,184,192,1,1,4,4,1,1,8,8,
similar,exact_name,tx_isp_fs_remove,tx_isp_fs_remove,46,44,0.956522,-2,184,176,3,3,5,5,1,1,9,8,
similar,exact_name,tx_isp_sinfo_driver_del,tx_isp_sinfo_driver_del,46,45,0.978261,-1,184,180,5,5,2,2,0,0,13,10,
similar,exact_name,tisp_dmsc_alias_par_cfg,tisp_dmsc_alias_par_cfg,45,38,0.844444,-7,180,152,0,1,3,2,1,0,13,12,
similar,exact_name,tisp_clm_param_array_set,tisp_clm_param_array_set,45,47,1.044444,2,180,188,6,6,4,3,1,1,18,18,
similar,exact_name,vic_core_ops_init,vic_core_ops_init,45,43,0.955556,-2,180,172,9,7,2,3,1,1,9,8,
similar,exact_name,tx_isp_vic_activate_subdev,tx_isp_vic_activate_subdev,44,36,0.818182,-8,176,144,9,6,2,2,3,2,5,4,
similar,exact_name,tx_isp_core_remove,tx_isp_core_remove,44,42,0.954545,-2,176,168,2,2,6,6,1,1,10,10,
similar,exact_name,isp_irq_thread_handle,isp_irq_thread_handle,43,36,0.837209,-7,172,144,7,7,2,2,1,1,0,0,
similar,exact_name,__vb2_queue_free,__vb2_queue_free,43,39,0.906977,-4,172,156,2,2,1,1,1,1,2,2,
similar,exact_name,vin_s_stream,vin_s_stream,42,38,0.904762,-4,168,152,11,10,1,1,1,1,0,0,
similar,exact_name,AePweightCalculate,AePweightCalculate,42,40,0.952381,-2,168,160,2,2,3,3,1,1,6,6,
similar,exact_name,vic_core_ops_ioctl,vic_core_ops_ioctl,41,33,0.804878,-8,164,132,12,9,1,1,1,1,0,0,
similar,exact_name,tisp_g_Hilightdepress,tisp_g_Hilightdepress,41,34,0.829268,-7,164,136,6,2,2,2,1,1,8,8,
similar,exact_name,ae_interrupt_static,ae_interrupt_static,41,39,0.951220,-2,164,156,1,1,3,3,1,1,13,12,
similar,exact_name,JZ_Isp_Ae_Dg2reg,JZ_Isp_Ae_Dg2reg,40,45,1.125000,5,160,180,0,0,2,2,1,1,2,2,
similar,exact_name,tisp_sharpen_uu_par_cfg,tisp_sharpen_uu_par_cfg,40,36,0.900000,-4,160,144,0,0,3,3,1,1,11,11,
similar,exact_name,tisp_g_ncuinfo,tisp_g_ncuinfo,40,37,0.925000,-3,160,148,2,2,6,6,1,1,6,6,
similar,exact_name,tisp_af_get_attr,tisp_af_get_attr,39,32,0.820513,-7,156,128,0,0,0,0,1,1,14,8,
similar,exact_name,ispcore_sync_sensor_attr,ispcore_sync_sensor_attr,39,33,0.846154,-6,156,132,11,7,2,2,1,1,10,8,
similar,exact_name,tx_isp_vin_init,tx_isp_vin_init,39,36,0.923077,-3,156,144,6,4,2,2,1,1,4,4,
similar,exact_name,ae_interrupt_hist,ae_interrupt_hist,39,40,1.025641,1,156,160,0,0,4,4,1,1,10,10,
similar,exact_name,table_intp,table_intp,38,33,0.868421,-5,152,132,4,4,1,1,3,3,2,2,
similar,exact_name,af_interrupt_static,af_interrupt_static,38,34,0.894737,-4,152,136,0,0,4,4,1,1,12,11,
similar,exact_name,awb_interrupt_static,awb_interrupt_static,38,37,0.973684,-1,152,148,0,0,4,4,1,1,10,10,
similar,exact_name,tisp_sharpen_par_refresh,tisp_sharpen_par_refresh,37,43,1.162162,6,148,172,4,5,2,1,1,1,10,8,
similar,exact_name,tisp_dmsc_par_refresh,tisp_dmsc_par_refresh,37,38,1.027027,1,148,152,4,5,2,1,1,1,10,9,
similar,exact_name,tisp_dpc_par_refresh,tisp_dpc_par_refresh,37,38,1.027027,1,148,152,4,5,2,1,1,1,10,9,
similar,exact_name,tx_isp_remove,tx_isp_remove,37,38,1.027027,1,148,152,0,0,6,6,1,1,12,12,
similar,exact_name,tisp_s_Hilightdepress,tisp_s_Hilightdepress,36,32,0.888889,-4,144,128,0,0,3,3,1,1,7,7,
similar,exact_name,tiziano_gib_init,tiziano_gib_init,36,33,0.916667,-3,144,132,2,1,3,3,1,1,19,18,
similar,exact_name,tisp_s_Gamma,tisp_s_Gamma,36,37,1.027778,1,144,148,0,0,4,5,1,1,10,12,
similar,exact_name,tisp_param_operate_init,tisp_param_operate_init,35,29,0.828571,-6,140,116,2,2,4,2,1,1,16,12,
similar,exact_name,sinfo_count_show,sinfo_count_show,35,37,1.057143,2,140,148,0,1,3,2,1,0,14,19,
similar,exact_name,tx_isp_sinfo_sensor_unbind,tx_isp_sinfo_sensor_unbind,34,40,1.176471,6,136,160,5,5,1,1,1,1,9,13,
similar,exact_name,tisp_sharpen_all_reg_refresh,tisp_sharpen_all_reg_refresh,34,29,0.852941,-5,136,116,0,1,7,6,1,0,14,14,
similar,exact_name,isp_subdev_release_clks,isp_subdev_release_clks,34,36,1.058824,2,136,144,3,3,2,2,1,1,4,4,
similar,exact_name,tisp_tgain_update,tisp_tgain_update,34,36,1.058824,2,136,144,0,0,6,6,1,1,12,12,
similar,exact_name,__enqueue_in_driver,__enqueue_in_driver,33,29,0.878788,-4,132,116,2,2,2,2,1,1,6,6,
similar,exact_name,tisp_lsc_gain_update,tisp_lsc_gain_update,33,37,1.121212,4,132,148,4,4,1,1,2,1,9,8,
similar,exact_name,isp_core_tunning_release,isp_core_tunning_release,33,32,0.969697,-1,132,128,2,1,2,2,1,1,8,8,
similar,exact_name,tisp_set_sensor_analog_gain,tisp_set_sensor_analog_gain,33,32,0.969697,-1,132,128,0,0,4,4,1,1,6,6,
similar,exact_name,tisp_set_sensor_digital_gain,tisp_set_sensor_digital_gain,33,32,0.969697,-1,132,128,0,0,4,4,1,1,6,6,
similar,exact_name,tx_isp_sinfo_exit,tx_isp_sinfo_exit,33,34,1.030303,1,132,136,1,1,4,4,1,1,18,17,
similar,exact_name,tisp_dmsc_rgb_alias_par_cfg,tisp_dmsc_rgb_alias_par_cfg,32,28,0.875000,-4,128,112,0,0,2,2,1,1,11,11,
similar,exact_name,tisp_mdns_par_refresh,tisp_mdns_par_refresh,32,30,0.937500,-2,128,120,3,4,3,1,1,1,10,10,
similar,exact_name,frame_channel_release,frame_channel_release,32,31,0.968750,-1,128,124,4,3,2,2,1,1,4,4,
similar,exact_name,tisp_gamma_param_array_get,tisp_gamma_param_array_get,32,31,0.968750,-1,128,124,2,2,2,2,1,1,10,10,
similar,exact_name,tisp_hldc_param_array_get,tisp_hldc_param_array_get,32,33,1.031250,1,128,132,2,2,2,2,1,1,10,10,
similar,exact_name,vic_sensor_ops_ioctl,vic_sensor_ops_ioctl,31,25,0.806452,-6,124,100,7,7,0,0,5,1,2,2,
similar,exact_name,tisp_netlink_init,tisp_netlink_init,31,26,0.838710,-5,124,104,1,1,3,2,1,1,14,14,
similar,exact_name,private_leading_one_position,private_leading_one_position,31,28,0.903226,-3,124,112,5,2,0,0,1,1,0,0,
similar,exact_name,tiziano_mdns_init,tiziano_mdns_init,31,28,0.903226,-3,124,112,0,0,3,3,1,1,14,8,
similar,exact_name,tx_isp_unregister_platforms,tx_isp_unregister_platforms,31,29,0.935484,-2,124,116,3,2,2,2,1,1,2,4,
similar,exact_name,tisp_dmsc_nor_par_cfg,tisp_dmsc_nor_par_cfg,30,24,0.800000,-6,120,96,0,1,2,1,1,0,7,7,
similar,exact_name,tisp_ae_set_hist_custome,tisp_ae_set_hist_custome,30,25,0.833333,-5,120,100,0,0,3,3,1,1,11,8,
similar,exact_name,tisp_simple_intp,tisp_simple_intp,30,27,0.900000,-3,120,108,4,4,0,0,3,2,0,0,
similar,exact_name,private_driver_get_interface,private_driver_get_interface,30,29,0.966667,-1,120,116,4,4,2,2,1,1,12,11,
similar,exact_name,tisp_gamma_param_array_set,tisp_gamma_param_array_set,30,29,0.966667,-1,120,116,2,2,3,2,1,1,12,12,
similar,exact_name,tx_isp_frame_chan_deinit,tx_isp_frame_chan_deinit,29,33,1.137931,4,116,132,2,1,3,3,1,2,6,8,
similar,exact_name,tisp_dmsc_uu_par_cfg,tisp_dmsc_uu_par_cfg,29,26,0.896552,-3,116,104,0,1,2,1,1,0,9,11,
similar,exact_name,tx_isp_vin_activate_subdev,tx_isp_vin_activate_subdev,29,27,0.931034,-2,116,108,1,1,2,2,1,1,5,4,
similar,exact_name,tx_isp_vin_reset,tx_isp_vin_reset,29,27,0.931034,-2,116,108,5,4,2,2,1,1,4,4,
similar,exact_name,fix_point_mult3_64,fix_point_mult3_64,29,28,0.965517,-1,116,112,1,1,1,1,0,0,2,2,
similar,exact_name,tisp_s_ae_hist,tisp_s_ae_hist,28,24,0.857143,-4,112,96,2,1,1,1,1,1,2,2,
similar,exact_name,tx_isp_disable_irq,tx_isp_disable_irq,28,26,0.928571,-2,112,104,1,1,3,3,1,1,4,4,
similar,exact_name,tisp_ae_get_luma,tisp_ae_get_luma,27,24,0.888889,-3,108,96,1,1,0,0,1,1,5,5,
similar,exact_name,tisp_sdns_all_reg_refresh,tisp_sdns_all_reg_refresh,27,24,0.888889,-3,108,96,0,1,5,4,1,0,10,10,
similar,exact_name,tiziano_gib_dn_params_refresh,tiziano_gib_dn_params_refresh,27,24,0.888889,-3,108,96,2,1,2,2,1,1,11,10,
similar,exact_name,tx_isp_enable_irq,tx_isp_enable_irq,27,25,0.925926,-2,108,100,1,1,3,3,1,1,4,4,
similar,exact_name,tisp_dpc_intp_reg_refresh,tisp_dpc_intp_reg_refresh,26,23,0.884615,-3,104,92,0,1,5,4,1,0,10,10,
similar,exact_name,tisp_g_af_weight,tisp_g_af_weight,26,24,0.923077,-2,104,96,1,0,2,2,1,1,8,8,
similar,exact_name,tiziano_gib_deir_interpolate,tiziano_gib_deir_interpolate,26,24,0.923077,-2,104,96,1,2,0,0,1,1,0,0,
similar,exact_name,tisp_g_aeroi_weight,tisp_g_aeroi_weight,26,25,0.961538,-1,104,100,1,1,2,2,1,1,8,8,
similar,exact_name,tisp_g_aezone_weight,tisp_g_aezone_weight,26,25,0.961538,-1,104,100,1,1,2,2,1,1,8,8,
similar,exact_name,tisp_ae_s_min,tisp_ae_s_min,25,21,0.840000,-4,100,84,3,2,1,1,1,2,10,8,
similar,exact_name,tisp_s_af_weight,tisp_s_af_weight,24,20,0.833333,-4,96,80,0,0,2,2,1,1,6,6,
similar,exact_name,jz_isp_ccm_parameter_convert,jz_isp_ccm_parameter_convert,24,21,0.875000,-3,96,84,1,1,2,2,0,0,14,14,
similar,exact_name,tisp_af_set_attr,tisp_af_set_attr,24,26,1.083333,2,96,104,0,0,2,2,1,1,8,7,
similar,exact_name,tisp_s_aezone_weight,tisp_s_aezone_weight,24,22,0.916667,-2,96,88,0,0,2,2,1,1,6,6,
similar,exact_name,tisp_set_sensor_integration_time,tisp_set_sensor_integration_time,24,22,0.916667,-2,96,88,3,3,1,1,1,1,6,5,
similar,exact_name,tx_isp_reg_set,tx_isp_reg_set,23,24,1.043478,1,92,96,2,2,0,0,1,1,0,0,
similar,exact_name,video_input_cmd_show,video_input_cmd_show,22,23,1.045455,1,88,92,6,6,0,0,0,0,9,8,
similar,exact_name,private_kthread_run,private_kthread_run,20,25,1.250000,5,80,100,1,1,2,2,1,1,4,8,
similar,exact_name,tisp_sdns_top_func_cfg,tisp_sdns_top_func_cfg,20,16,0.800000,-4,80,64,0,0,2,2,1,1,5,5,
similar,exact_name,tiziano_sdns_dn_params_refresh,tiziano_sdns_dn_params_refresh,20,18,0.900000,-2,80,72,0,1,2,1,1,0,8,8,
similar,exact_name,isp_fw_process,isp_fw_process,20,21,1.050000,1,80,84,2,2,2,2,1,1,4,4,
similar,exact_name,tiziano_dpc_dn_params_refresh,tiziano_dpc_dn_params_refresh,20,21,1.050000,1,80,84,0,0,2,2,1,1,8,6,
similar,exact_name,tiziano_mdns_dn_params_refresh,tiziano_mdns_dn_params_refresh,20,21,1.050000,1,80,84,0,0,2,2,1,1,8,6,
similar,exact_name,tisp_flip_enable,tisp_flip_enable,19,17,0.894737,-2,76,68,2,1,1,1,0,0,4,4,
similar,exact_name,tisp_mirror_enable,tisp_mirror_enable,19,17,0.894737,-2,76,68,2,1,1,1,0,0,4,4,
similar,exact_name,tiziano_dmsc_init,tiziano_dmsc_init,19,17,0.894737,-2,76,68,0,1,2,1,1,0,6,6,
similar,exact_name,tisp_param_operate_deinit,tisp_param_operate_deinit,19,20,1.052632,1,76,80,1,1,2,2,1,1,7,7,
similar,exact_name,tx_isp_free_irq,tx_isp_free_irq,19,18,0.947368,-1,76,72,2,2,1,1,1,2,2,2,
similar,exact_name,tiziano_hldc_init,tiziano_hldc_init,18,15,0.833333,-3,72,60,0,1,3,2,1,0,6,6,
similar,exact_name,tisp_channel_start_restore,tisp_channel_start_restore,17,15,0.882353,-2,68,60,0,0,2,2,1,1,6,4,
similar,exact_name,tiziano_sharpen_dn_params_refresh,tiziano_sharpen_dn_params_refresh,16,13,0.812500,-3,64,52,0,1,2,1,1,0,6,6,
similar,exact_name,sensor_alloc_integration_time,sensor_alloc_integration_time,16,17,1.062500,1,64,68,2,2,0,0,1,1,2,2,
similar,exact_name,__private_spin_lock_irqsave,__private_spin_lock_irqsave,14,16,1.142857,2,56,64,0,1,1,1,1,1,2,2,
similar,exact_name,tisp_g_module_control,tisp_g_module_control,14,12,0.857143,-2,56,48,0,0,1,1,1,1,2,2,
similar,exact_name,tisp_set_brightness,tisp_set_brightness,14,12,0.857143,-2,56,48,0,0,1,1,1,1,4,4,
similar,exact_name,tx_isp_exit,tx_isp_exit,14,16,1.142857,2,56,64,1,0,1,2,0,1,8,8,
similar,exact_name,check_state,check_state,13,11,0.846154,-2,52,44,3,2,0,0,2,1,0,0,
similar,exact_name,tisp_netlink_exit,tisp_netlink_exit,12,10,0.833333,-2,48,40,3,2,0,0,1,1,4,4,
similar,exact_name,sensor_early_init,sensor_early_init,10,12,1.200000,2,40,48,2,3,0,0,2,2,3,3,
similar,exact_name,tx_isp_module_deinit,tx_isp_module_deinit,8,9,1.125000,1,32,36,2,2,0,0,1,1,2,2,
similar,exact_name,fix_point_add_64,fix_point_add_64,7,6,0.857143,-1,28,24,0,0,0,0,1,1,0,0,
similar,exact_name,private_i2c_add_driver,private_i2c_add_driver,7,6,0.857143,-1,28,24,1,1,0,0,0,0,4,4,
similar,exact_name,system_reg_write,system_reg_write,7,8,1.142857,1,28,32,0,0,0,0,1,1,2,2,
similar,exact_name,private_capable,private_capable,5,4,0.800000,-1,20,16,1,1,0,0,0,0,2,2,
similar,exact_name,private_clk_disable,private_clk_disable,5,4,0.800000,-1,20,16,1,1,0,0,0,0,2,2,
similar,exact_name,private_clk_enable,private_clk_enable,5,4,0.800000,-1,20,16,1,1,0,0,0,0,2,2,
similar,exact_name,private_clk_get,private_clk_get,5,4,0.800000,-1,20,16,1,1,0,0,0,0,2,2,
similar,exact_name,private_clk_get_rate,private_clk_get_rate,5,4,0.800000,-1,20,16,1,1,0,0,0,0,2,2,
similar,exact_name,private_clk_is_enabled,private_clk_is_enabled,5,4,0.800000,-1,20,16,1,1,0,0,0,0,2,2,
similar,exact_name,private_clk_put,private_clk_put,5,4,0.800000,-1,20,16,1,1,0,0,0,0,2,2,
similar,exact_name,private_clk_set_rate,private_clk_set_rate,5,4,0.800000,-1,20,16,1,1,0,0,0,0,2,2,
similar,exact_name,private_complete,private_complete,5,4,0.800000,-1,20,16,1,1,0,0,0,0,2,2,
similar,exact_name,private_dev_get_drvdata,private_dev_get_drvdata,5,4,0.800000,-1,20,16,1,1,0,0,0,0,2,2,
similar,exact_name,private_dev_set_drvdata,private_dev_set_drvdata,5,4,0.800000,-1,20,16,1,1,0,0,0,0,2,2,
similar,exact_name,private_disable_irq,private_disable_irq,5,4,0.800000,-1,20,16,1,1,0,0,0,0,2,2,
similar,exact_name,private_enable_irq,private_enable_irq,5,4,0.800000,-1,20,16,1,1,0,0,0,0,2,2,
similar,exact_name,private_free_irq,private_free_irq,5,4,0.800000,-1,20,16,1,1,0,0,0,0,2,2,
similar,exact_name,private_gpio_direction_input,private_gpio_direction_input,5,4,0.800000,-1,20,16,1,1,0,0,0,0,2,2,
similar,exact_name,private_gpio_direction_output,private_gpio_direction_output,5,4,0.800000,-1,20,16,1,1,0,0,0,0,2,2,
similar,exact_name,private_gpio_request,private_gpio_request,5,4,0.800000,-1,20,16,1,1,0,0,0,0,2,2,
similar,exact_name,private_gpio_set_debounce,private_gpio_set_debounce,5,4,0.800000,-1,20,16,1,1,0,0,0,0,2,2,
similar,exact_name,private_i2c_del_driver,private_i2c_del_driver,5,4,0.800000,-1,20,16,1,1,0,0,0,0,2,2,
similar,exact_name,private_i2c_get_adapter,private_i2c_get_adapter,5,4,0.800000,-1,20,16,1,1,0,0,0,0,2,2,
similar,exact_name,private_i2c_get_clientdata,private_i2c_get_clientdata,5,4,0.800000,-1,20,16,1,1,0,0,0,0,2,2,
similar,exact_name,private_i2c_new_device,private_i2c_new_device,5,4,0.800000,-1,20,16,1,1,0,0,0,0,2,2,
similar,exact_name,private_i2c_put_adapter,private_i2c_put_adapter,5,4,0.800000,-1,20,16,1,1,0,0,0,0,2,2,
similar,exact_name,private_i2c_register_driver,private_i2c_register_driver,5,4,0.800000,-1,20,16,1,1,0,0,0,0,2,2,
similar,exact_name,private_i2c_set_clientdata,private_i2c_set_clientdata,5,4,0.800000,-1,20,16,1,1,0,0,0,0,2,2,
similar,exact_name,private_i2c_transfer,private_i2c_transfer,5,4,0.800000,-1,20,16,1,1,0,0,0,0,2,2,
similar,exact_name,private_i2c_unregister_device,private_i2c_unregister_device,5,4,0.800000,-1,20,16,1,1,0,0,0,0,2,2,
similar,exact_name,private_iounmap,private_iounmap,5,4,0.800000,-1,20,16,1,1,0,0,0,0,2,2,
similar,exact_name,private_jz_proc_mkdir,private_jz_proc_mkdir,5,4,0.800000,-1,20,16,1,1,0,0,0,0,2,2,
similar,exact_name,private_jzgpio_ctrl_pull,private_jzgpio_ctrl_pull,5,4,0.800000,-1,20,16,1,1,0,0,0,0,2,2,
similar,exact_name,private_jzgpio_set_func,private_jzgpio_set_func,5,4,0.800000,-1,20,16,1,1,0,0,0,0,2,2,
similar,exact_name,private_misc_register,private_misc_register,5,4,0.800000,-1,20,16,1,1,0,0,0,0,2,2,
similar,exact_name,private_module_put,private_module_put,5,4,0.800000,-1,20,16,1,1,0,0,0,0,2,2,
similar,exact_name,private_msleep,private_msleep,5,4,0.800000,-1,20,16,1,1,0,0,0,0,2,2,
similar,exact_name,private_mutex_lock,private_mutex_lock,5,4,0.800000,-1,20,16,1,1,0,0,0,0,2,2,
similar,exact_name,private_mutex_unlock,private_mutex_unlock,5,4,0.800000,-1,20,16,1,1,0,0,0,0,2,2,
similar,exact_name,private_platform_device_register,private_platform_device_register,5,4,0.800000,-1,20,16,1,1,0,0,0,0,2,2,
similar,exact_name,private_platform_device_unregister,private_platform_device_unregister,5,4,0.800000,-1,20,16,1,1,0,0,0,0,2,2,
similar,exact_name,private_platform_driver_register,private_platform_driver_register,5,4,0.800000,-1,20,16,1,1,0,0,0,0,2,2,
similar,exact_name,private_platform_driver_unregister,private_platform_driver_unregister,5,4,0.800000,-1,20,16,1,1,0,0,0,0,2,2,
similar,exact_name,private_platform_get_drvdata,private_platform_get_drvdata,5,4,0.800000,-1,20,16,1,1,0,0,0,0,2,2,
similar,exact_name,private_platform_get_irq,private_platform_get_irq,5,4,0.800000,-1,20,16,1,1,0,0,0,0,2,2,
similar,exact_name,private_platform_get_resource,private_platform_get_resource,5,4,0.800000,-1,20,16,1,1,0,0,0,0,2,2,
similar,exact_name,private_platform_set_drvdata,private_platform_set_drvdata,5,4,0.800000,-1,20,16,1,1,0,0,0,0,2,2,
similar,exact_name,private_proc_create_data,private_proc_create_data,5,4,0.800000,-1,20,16,1,1,0,0,0,0,2,2,
similar,exact_name,private_request_threaded_irq,private_request_threaded_irq,5,4,0.800000,-1,20,16,1,1,0,0,0,0,2,2,
similar,exact_name,private_sched_clock,private_sched_clock,5,4,0.800000,-1,20,16,1,1,0,0,0,0,2,2,
similar,exact_name,private_seq_lseek,private_seq_lseek,5,4,0.800000,-1,20,16,1,1,0,0,0,0,2,2,
similar,exact_name,private_seq_read,private_seq_read,5,4,0.800000,-1,20,16,1,1,0,0,0,0,2,2,
similar,exact_name,private_single_open_size,private_single_open_size,5,4,0.800000,-1,20,16,1,1,0,0,0,0,2,2,
similar,exact_name,private_single_release,private_single_release,5,4,0.800000,-1,20,16,1,1,0,0,0,0,2,2,
similar,exact_name,private_try_module_get,private_try_module_get,5,4,0.800000,-1,20,16,1,1,0,0,0,0,2,2,
similar,exact_name,private_wait_for_completion_interruptible,private_wait_for_completion_interruptible,5,4,0.800000,-1,20,16,1,1,0,0,0,0,2,2,
same_instruction_count,exact_name,tiziano_mdns_params_refresh,tiziano_mdns_params_refresh,790,790,1.000000,0,3160,3160,0,0,130,130,1,1,522,522,
same_instruction_count,exact_name,ae_weight_mean2,ae_weight_mean2,311,311,1.000000,0,1244,1244,6,7,9,9,1,1,21,16,
same_instruction_count,exact_name,tiziano_dmsc_params_refresh,tiziano_dmsc_params_refresh,280,280,1.000000,0,1120,1120,0,0,45,45,1,1,182,182,
same_instruction_count,exact_name,tisp_dmsc_intp,tisp_dmsc_intp,219,219,1.000000,0,876,876,0,0,29,29,1,1,118,118,
same_instruction_count,exact_name,tiziano_dpc_params_refresh,tiziano_dpc_params_refresh,208,208,1.000000,0,832,832,0,0,33,33,1,1,134,134,
same_instruction_count,exact_name,tiziano_awb_dump,tiziano_awb_dump,181,181,1.000000,0,724,724,1,1,46,46,0,0,30,30,
same_instruction_count,exact_name,tiziano_defog_params_refresh,tiziano_defog_params_refresh,148,148,1.000000,0,592,592,0,0,23,23,1,1,94,94,
same_instruction_count,exact_name,tiziano_ae_params_refresh,tiziano_ae_params_refresh,143,143,1.000000,0,572,572,1,1,21,21,1,1,89,89,
same_instruction_count,exact_name,tiziano_gib_params_refresh,tiziano_gib_params_refresh,142,142,1.000000,0,568,568,0,0,22,22,1,1,90,90,
same_instruction_count,exact_name,tisp_lsc_param_array_set,tisp_lsc_param_array_set,98,98,1.000000,0,392,392,11,11,6,6,1,1,45,36,
same_instruction_count,exact_name,tiziano_sharpen_params_refresh,tiziano_sharpen_params_refresh,88,88,1.000000,0,352,352,0,0,13,13,1,1,54,54,
same_instruction_count,exact_name,sensor_init,sensor_init,72,72,1.000000,0,288,288,0,0,0,0,1,1,38,38,
same_instruction_count,exact_name,tisp_gib_gain_interpolation,tisp_gib_gain_interpolation,67,67,1.000000,0,268,268,0,0,8,8,1,1,14,14,
same_instruction_count,exact_name,tisp_sharpen_intp,tisp_sharpen_intp,65,65,1.000000,0,260,260,0,0,7,7,1,1,30,30,
same_instruction_count,exact_name,private_wait_event_interruptible,private_wait_event_interruptible,63,63,1.000000,0,252,252,4,4,5,5,1,1,8,8,
same_instruction_count,exact_name,sensor_set_mode,sensor_set_mode,56,56,1.000000,0,224,224,4,4,2,2,1,1,7,7,
same_instruction_count,exact_name,fs_activate_module,fs_activate_module,43,43,1.000000,0,172,172,7,7,1,1,3,3,4,4,
same_instruction_count,exact_name,__frame_channel_vb2_streamoff,__frame_channel_vb2_streamoff,34,34,1.000000,0,136,136,4,4,2,2,1,1,8,8,
same_instruction_count,exact_name,isp_printf,isp_printf,33,33,1.000000,0,132,132,2,2,2,2,1,1,8,8,
same_instruction_count,exact_name,private_copy_from_user,private_copy_from_user,32,32,1.000000,0,128,128,1,1,2,2,1,1,6,6,
same_instruction_count,exact_name,private_copy_to_user,private_copy_to_user,32,32,1.000000,0,128,128,1,1,2,2,1,1,6,6,
same_instruction_count,exact_name,tx_isp_sinfo_init,tx_isp_sinfo_init,32,32,1.000000,0,128,128,2,2,3,3,1,1,16,16,
same_instruction_count,exact_name,find_new_buffer,find_new_buffer,31,31,1.000000,0,124,124,3,2,1,1,1,2,4,4,
same_instruction_count,exact_name,tiziano_clm_params_refresh,tiziano_clm_params_refresh,28,28,1.000000,0,112,112,0,0,3,3,1,1,14,14,
same_instruction_count,exact_name,tiziano_ae_s_max_again,tiziano_ae_s_max_again,27,27,1.000000,0,108,108,2,2,2,2,1,1,10,10,
same_instruction_count,exact_name,jz_isp_lsc_interpolate,jz_isp_lsc_interpolate,24,24,1.000000,0,96,96,0,0,0,0,1,1,0,0,
same_instruction_count,exact_name,subdev_video_destroy_link,subdev_video_destroy_link,23,23,1.000000,0,92,92,3,3,0,0,1,1,0,0,
same_instruction_count,exact_name,fix_point_sub_32,fix_point_sub_32,20,20,1.000000,0,80,80,1,1,1,1,1,1,4,4,
same_instruction_count,exact_name,private_nlmsg_put,private_nlmsg_put,20,20,1.000000,0,80,80,3,3,0,0,1,1,2,2,
same_instruction_count,exact_name,sensor_set_integration_time,sensor_set_integration_time,20,20,1.000000,0,80,80,1,1,0,0,1,1,2,2,
same_instruction_count,exact_name,tiziano_dmsc_dn_params_refresh,tiziano_dmsc_dn_params_refresh,20,20,1.000000,0,80,80,0,0,2,2,1,1,8,8,
same_instruction_count,exact_name,tiziano_dpc_init,tiziano_dpc_init,19,19,1.000000,0,76,76,0,0,2,2,1,1,6,6,
same_instruction_count,exact_name,tiziano_sharpen_init,tiziano_sharpen_init,19,19,1.000000,0,76,76,0,0,2,2,1,1,6,6,
same_instruction_count,exact_name,dump_isp_framesource_open,dump_isp_framesource_open,18,18,1.000000,0,72,72,1,1,1,1,0,0,6,6,
same_instruction_count,exact_name,dump_isp_info_open,dump_isp_info_open,18,18,1.000000,0,72,72,1,1,1,1,0,0,6,6,
same_instruction_count,exact_name,dump_isp_vic_frd_open,dump_isp_vic_frd_open,18,18,1.000000,0,72,72,1,1,1,1,0,0,6,6,
same_instruction_count,exact_name,sensor_alloc_analog_gain,sensor_alloc_analog_gain,18,18,1.000000,0,72,72,0,0,1,1,1,1,2,2,
same_instruction_count,exact_name,sensor_alloc_digital_gain,sensor_alloc_digital_gain,18,18,1.000000,0,72,72,0,0,1,1,1,1,2,2,
same_instruction_count,exact_name,sensor_set_analog_gain,sensor_set_analog_gain,18,18,1.000000,0,72,72,1,1,0,0,1,1,2,2,
same_instruction_count,exact_name,tiziano_sdns_init,tiziano_sdns_init,18,18,1.000000,0,72,72,0,0,2,2,1,1,6,6,
same_instruction_count,exact_name,video_input_cmd_open,video_input_cmd_open,18,18,1.000000,0,72,72,1,1,1,1,0,0,6,6,
same_instruction_count,exact_name,fix_point_mult2_32,fix_point_mult2_32,17,17,1.000000,0,68,68,0,0,0,0,1,1,0,0,
same_instruction_count,exact_name,sensor_fps_control,sensor_fps_control,17,17,1.000000,0,68,68,0,0,0,0,1,1,2,2,
same_instruction_count,exact_name,sinfo_open,sinfo_open,17,17,1.000000,0,68,68,1,1,1,1,0,0,6,6,
same_instruction_count,exact_name,tisp_lsc_ct_update,tisp_lsc_ct_update,16,16,1.000000,0,64,64,0,0,1,1,1,1,7,4,
same_instruction_count,exact_name,JZ_Isp_Awb_Awbg2reg,JZ_Isp_Awb_Awbg2reg,15,15,1.000000,0,60,60,0,0,0,0,1,1,0,0,
same_instruction_count,exact_name,tiziano_deflicker_expt_tune,tiziano_deflicker_expt_tune,15,15,1.000000,0,60,60,0,0,1,1,1,1,6,6,
same_instruction_count,exact_name,private_dma_sync_single_for_device,private_dma_sync_single_for_device,14,14,1.000000,0,56,56,4,4,0,0,1,1,3,3,
same_instruction_count,exact_name,private_request_mem_region,private_request_mem_region,14,14,1.000000,0,56,56,0,0,1,1,1,1,4,4,
same_instruction_count,exact_name,tisp_top_sel,tisp_top_sel,14,14,1.000000,0,56,56,1,1,1,1,0,0,4,4,
same_instruction_count,exact_name,tiziano_gamma_params_refresh,tiziano_gamma_params_refresh,14,14,1.000000,0,56,56,0,0,1,1,1,1,6,6,
same_instruction_count,exact_name,tiziano_hldc_params_refresh,tiziano_hldc_params_refresh,14,14,1.000000,0,56,56,0,0,1,1,1,1,6,6,
same_instruction_count,exact_name,isp_core_tunning_open,isp_core_tunning_open,13,13,1.000000,0,52,52,1,1,0,0,2,1,0,0,
same_instruction_count,exact_name,jz_isp_ccm_reg2par,jz_isp_ccm_reg2par,13,13,1.000000,0,52,52,2,1,0,0,1,1,0,0,
same_instruction_count,exact_name,tiziano_ae_s_max_isp_dgain,tiziano_ae_s_max_isp_dgain,13,13,1.000000,0,52,52,0,0,1,1,1,1,4,4,
same_instruction_count,exact_name,sensor_set_digital_gain,sensor_set_digital_gain,12,12,1.000000,0,48,48,1,1,0,0,1,1,2,2,
same_instruction_count,exact_name,tisp_dmsc_out_opt_cfg,tisp_dmsc_out_opt_cfg,12,12,1.000000,0,48,48,0,0,1,1,1,1,4,4,
same_instruction_count,exact_name,tisp_dmsc_refresh,tisp_dmsc_refresh,12,12,1.000000,0,48,48,0,0,1,1,1,1,4,4,
same_instruction_count,exact_name,tisp_g_wb_mode,tisp_g_wb_mode,12,12,1.000000,0,48,48,0,0,1,1,1,1,4,4,
same_instruction_count,exact_name,tx_isp_send_event_to_remote,tx_isp_send_event_to_remote,12,12,1.000000,0,48,48,4,4,0,0,1,1,0,0,
same_instruction_count,exact_name,check_vic_error,check_vic_error,11,11,1.000000,0,44,44,1,1,1,1,0,0,5,4,
same_instruction_count,exact_name,cleanup_module,cleanup_module,11,11,1.000000,0,44,44,1,1,1,1,0,0,4,4,
same_instruction_count,exact_name,tisp_event_exit,tisp_event_exit,11,11,1.000000,0,44,44,0,0,1,1,1,1,2,2,
same_instruction_count,exact_name,tisp_ae_ir_update,tisp_ae_ir_update,10,10,1.000000,0,40,40,0,0,1,1,1,1,2,2,
same_instruction_count,exact_name,tisp_again_update,tisp_again_update,10,10,1.000000,0,40,40,0,0,1,1,1,1,2,2,
same_instruction_count,exact_name,tisp_fw_process,tisp_fw_process,10,10,1.000000,0,40,40,0,0,1,1,1,1,2,2,
same_instruction_count,exact_name,tisp_g_ae_hist,tisp_g_ae_hist,10,10,1.000000,0,40,40,0,0,1,1,1,1,2,2,
same_instruction_count,exact_name,tisp_g_ae_zone,tisp_g_ae_zone,10,10,1.000000,0,40,40,0,0,1,1,1,1,2,2,
same_instruction_count,exact_name,tisp_g_af_attr,tisp_g_af_attr,10,10,1.000000,0,40,40,0,0,1,1,1,1,2,2,
same_instruction_count,exact_name,tisp_g_af_metric,tisp_g_af_metric,10,10,1.000000,0,40,40,0,0,1,1,1,1,2,2,
same_instruction_count,exact_name,tisp_mdns_bypass,tisp_mdns_bypass,10,10,1.000000,0,40,40,0,0,1,1,1,1,2,2,
same_instruction_count,exact_name,tisp_s_drc_strength,tisp_s_drc_strength,10,10,1.000000,0,40,40,0,0,1,1,1,1,2,2,
same_instruction_count,exact_name,jz_isp_lsc_inter_str,jz_isp_lsc_inter_str,9,9,1.000000,0,36,36,0,0,0,0,1,1,0,0,
same_instruction_count,exact_name,tiziano_ae_compensation_set,tiziano_ae_compensation_set,9,9,1.000000,0,36,36,0,0,0,0,1,1,6,4,
same_instruction_count,exact_name,private_nlmsg_new,private_nlmsg_new,8,8,1.000000,0,32,32,1,1,0,0,0,0,2,2,
same_instruction_count,exact_name,tisp_ae_g_min,tisp_ae_g_min,8,8,1.000000,0,32,32,0,0,0,0,1,1,4,4,
same_instruction_count,exact_name,tisp_af_get_metric,tisp_af_get_metric,8,8,1.000000,0,32,32,0,0,0,0,1,1,4,2,
same_instruction_count,exact_name,fix_point_add,fix_point_add,7,7,1.000000,0,28,28,0,0,0,0,1,1,0,0,
same_instruction_count,exact_name,private_init_waitqueue_head,private_init_waitqueue_head,7,7,1.000000,0,28,28,1,1,0,0,0,0,6,6,
same_instruction_count,exact_name,private_release_mem_region,private_release_mem_region,7,7,1.000000,0,28,28,1,1,0,0,0,0,4,4,
same_instruction_count,exact_name,sinfo_count_open,sinfo_count_open,7,7,1.000000,0,28,28,1,1,0,0,0,0,4,4,
same_instruction_count,exact_name,system_irq_func_set,system_irq_func_set,7,7,1.000000,0,28,28,0,0,0,0,1,1,2,2,
same_instruction_count,exact_name,system_reg_read,system_reg_read,7,7,1.000000,0,28,28,0,0,0,0,1,1,2,2,
same_instruction_count,exact_name,tisp_event_set_cb,tisp_event_set_cb,7,7,1.000000,0,28,28,0,0,0,0,1,1,2,2,
same_instruction_count,exact_name,tisp_s_module_control,tisp_s_module_control,7,7,1.000000,0,28,28,1,1,0,0,0,0,2,2,
same_instruction_count,exact_name,private_netlink_kernel_create,private_netlink_kernel_create,6,6,1.000000,0,24,24,1,1,0,0,0,0,4,4,
same_instruction_count,exact_name,private_wake_up,private_wake_up,6,6,1.000000,0,24,24,1,1,0,0,0,0,2,2,
same_instruction_count,exact_name,private_wake_up_all,private_wake_up_all,6,6,1.000000,0,24,24,1,1,0,0,0,0,2,2,
same_instruction_count,exact_name,private_get_isp_priv_mem,private_get_isp_priv_mem,5,5,1.000000,0,20,20,1,1,0,0,0,0,2,2,
same_instruction_count,exact_name,sensor_get_id,sensor_get_id,5,5,1.000000,0,20,20,0,0,0,0,1,1,2,2,
same_instruction_count,exact_name,private_dma_cache_sync,private_dma_cache_sync,4,4,1.000000,0,16,16,1,1,0,0,0,0,2,2,
same_instruction_count,exact_name,private_filp_close,private_filp_close,4,4,1.000000,0,16,16,1,1,0,0,0,0,2,2,
same_instruction_count,exact_name,private_filp_open,private_filp_open,4,4,1.000000,0,16,16,1,1,0,0,0,0,2,2,
same_instruction_count,exact_name,private_get_fs,private_get_fs,4,4,1.000000,0,16,16,0,0,0,0,1,1,0,0,
same_instruction_count,exact_name,private_getrawmonotonic,private_getrawmonotonic,4,4,1.000000,0,16,16,1,1,0,0,0,0,2,2,
same_instruction_count,exact_name,private_ioremap,private_ioremap,4,4,1.000000,0,16,16,1,1,0,0,0,0,2,2,
same_instruction_count,exact_name,private_kfree,private_kfree,4,4,1.000000,0,16,16,1,1,0,0,0,0,2,2,
same_instruction_count,exact_name,private_kthread_should_stop,private_kthread_should_stop,4,4,1.000000,0,16,16,1,1,0,0,0,0,2,2,
same_instruction_count,exact_name,private_kthread_stop,private_kthread_stop,4,4,1.000000,0,16,16,1,1,0,0,0,0,2,2,
same_instruction_count,exact_name,private_netlink_unicast,private_netlink_unicast,4,4,1.000000,0,16,16,1,1,0,0,0,0,2,2,
same_instruction_count,exact_name,private_proc_remove,private_proc_remove,4,4,1.000000,0,16,16,1,1,0,0,0,0,2,2,
same_instruction_count,exact_name,private_raw_mutex_init,private_raw_mutex_init,4,4,1.000000,0,16,16,1,1,0,0,0,0,2,2,
same_instruction_count,exact_name,private_simple_strtoull,private_simple_strtoull,4,4,1.000000,0,16,16,1,1,0,0,0,0,2,2,
same_instruction_count,exact_name,private_sock_release,private_sock_release,4,4,1.000000,0,16,16,1,1,0,0,0,0,2,2,
same_instruction_count,exact_name,private_vfs_llseek,private_vfs_llseek,4,4,1.000000,0,16,16,1,1,0,0,0,0,2,2,
same_instruction_count,exact_name,private_vfs_read,private_vfs_read,4,4,1.000000,0,16,16,1,1,0,0,0,0,2,2,
same_instruction_count,exact_name,private_vfs_write,private_vfs_write,4,4,1.000000,0,16,16,1,1,0,0,0,0,2,2,
same_instruction_count,exact_name,private_wait_for_completion_timeout,private_wait_for_completion_timeout,4,4,1.000000,0,16,16,1,1,0,0,0,0,2,2,
same_instruction_count,exact_name,tisp_awb_ev_update,tisp_awb_ev_update,4,4,1.000000,0,16,16,0,0,0,0,1,1,2,2,
same_instruction_count,exact_name,tisp_awb_get_frz,tisp_awb_get_frz,4,4,1.000000,0,16,16,0,0,0,0,1,1,2,2,
same_instruction_count,exact_name,tisp_g_adr_str_internal,tisp_g_adr_str_internal,4,4,1.000000,0,16,16,0,0,0,0,1,1,2,2,
same_instruction_count,exact_name,tisp_g_ae_luma,tisp_g_ae_luma,4,4,1.000000,0,16,16,1,1,0,0,0,0,2,2,
same_instruction_count,exact_name,tisp_g_wb_frz,tisp_g_wb_frz,4,4,1.000000,0,16,16,1,0,0,0,0,1,2,2,
same_instruction_count,exact_name,tisp_s_max_again,tisp_s_max_again,4,4,1.000000,0,16,16,1,1,0,0,0,0,2,2,
same_instruction_count,exact_name,tisp_s_max_isp_dgain,tisp_s_max_isp_dgain,4,4,1.000000,0,16,16,1,1,0,0,0,0,2,2,
same_instruction_count,exact_name,tisp_top_read,tisp_top_read,4,4,1.000000,0,16,16,1,1,0,0,0,0,2,2,
same_instruction_count,exact_name,get_isp_clk,get_isp_clk,3,3,1.000000,0,12,12,0,0,0,0,1,1,2,2,
same_instruction_count,exact_name,private_get_init_net,private_get_init_net,3,3,1.000000,0,12,12,0,0,0,0,1,1,2,2,
same_instruction_count,exact_name,tisp_get_brightness,tisp_get_brightness,3,3,1.000000,0,12,12,0,0,0,0,1,1,2,2,
same_instruction_count,exact_name,tisp_get_contrast,tisp_get_contrast,3,3,1.000000,0,12,12,0,0,0,0,1,1,2,2,
same_instruction_count,exact_name,tisp_get_saturation,tisp_get_saturation,3,3,1.000000,0,12,12,0,0,0,0,1,1,2,2,
same_instruction_count,exact_name,tisp_get_sharpness,tisp_get_sharpness,3,3,1.000000,0,12,12,0,0,0,0,1,1,2,2,
same_instruction_count,exact_name,fix_point_add_32,fix_point_add_32,2,2,1.000000,0,8,8,0,0,0,0,1,1,0,0,
same_instruction_count,exact_name,ispcore_link_setup,ispcore_link_setup,2,2,1.000000,0,8,8,0,0,0,0,1,1,0,0,
same_instruction_count,exact_name,jz_isp_lsc_gain,jz_isp_lsc_gain,2,2,1.000000,0,8,8,0,0,0,0,1,1,0,0,
same_instruction_count,exact_name,private_set_fs,private_set_fs,2,2,1.000000,0,8,8,0,0,0,0,1,1,0,0,
same_instruction_count,exact_name,private_spin_lock_init,private_spin_lock_init,2,2,1.000000,0,8,8,0,0,0,0,1,1,0,0,
same_instruction_count,exact_name,sensor_disable_isp,sensor_disable_isp,2,2,1.000000,0,8,8,0,0,0,0,1,1,0,0,
same_instruction_count,exact_name,sensor_end_changes,sensor_end_changes,2,2,1.000000,0,8,8,0,0,0,0,1,1,0,0,
same_instruction_count,exact_name,sensor_get_lines_per_second,sensor_get_lines_per_second,2,2,1.000000,0,8,8,0,0,0,0,1,1,0,0,
same_instruction_count,exact_name,sensor_hw_reset_disable,sensor_hw_reset_disable,2,2,1.000000,0,8,8,0,0,0,0,1,1,0,0,
same_instruction_count,exact_name,sensor_hw_reset_enable,sensor_hw_reset_enable,2,2,1.000000,0,8,8,0,0,0,0,1,1,0,0,
same_instruction_count,exact_name,sensor_read_black_pedestal,sensor_read_black_pedestal,2,2,1.000000,0,8,8,0,0,0,0,1,1,0,0,
same_instruction_count,exact_name,sensor_set_wdr_mode,sensor_set_wdr_mode,2,2,1.000000,0,8,8,0,0,0,0,1,1,0,0,
same_instruction_count,exact_name,sensor_start_changes,sensor_start_changes,2,2,1.000000,0,8,8,0,0,0,0,1,1,0,0,
same_instruction_count,exact_name,tisp_g_ae_attr,tisp_g_ae_attr,2,2,1.000000,0,8,8,0,0,0,0,1,1,0,0,
same_instruction_count,exact_name,tx_isp_release_device,tx_isp_release_device,2,2,1.000000,0,8,8,0,0,0,0,1,1,0,0,
